"No.","Time","Source","Destination","Protocol","Length","Info"
"1","0.000000","251.209.158.120","192.0.0.1","UDP","128","27258  >  5896 Len=82"
"2","0.001184","125.232.207.60","192.0.0.1","UDP","128","13629  >  35716 Len=82"
"3","0.002368","62.244.103.158","192.0.0.1","UDP","128","48559  >  50626 Len=82"
"4","0.003552","31.122.51.207","192.0.0.1","UDP","128","63974  >  58081 Len=82"
"5","0.004736","135.187.190.214","192.0.0.1","UDP","128","64755  >  22081 Len=82"
"6","0.005920","67.221.223.107","192.0.0.1","UDP","128","55624  >  3089 Len=82"
"7","0.007104","169.232.72.132","192.0.0.1","UDP","128","60580  >  8505 Len=82"
"8","0.008288","84.244.36.66","192.0.0.1","UDP","128","63058  >  14253 Len=82"
"9","0.009472","42.122.18.33","192.0.0.1","UDP","128","64297  >  15591 Len=82"
"10","0.010656","157.59.174.33","192.0.0.1","UDP","128","23205  >  14658 Len=82"
"11","0.011840","198.155.112.33","192.0.0.1","UDP","128","35427  >  40097 Len=82"
"12","0.013024","235.75.31.33","192.0.0.1","UDP","128","25088  >  26977 Len=82"
"13","0.014208","253.163.40.161","192.0.0.1","UDP","128","45312  >  37761 Len=82"
"14","0.015392","246.215.51.97","192.0.0.1","UDP","128","22656  >  28401 Len=82"
"15","0.016577","243.109.62.129","192.0.0.1","UDP","128","11328  >  36937 Len=82"
"16","0.017761","241.176.56.113","192.0.0.1","UDP","128","5664  >  61205 Len=82"
"17","0.018945","240.222.187.9","192.0.0.1","UDP","128","2832  >  53435 Len=82"
"18","0.020128","240.105.250.181","192.0.0.1","UDP","128","34184  >  20332 Len=82"
"19","0.021313","240.50.90.107","192.0.0.1","UDP","128","49860  >  42934 Len=82"
"20","0.022497","240.31.138.4","192.0.0.1","UDP","128","57698  >  54235 Len=82"
"21","0.023681","120.15.197.2","192.0.0.1","UDP","128","28849  >  20188 Len=82"
"22","0.024865","60.7.226.129","192.0.0.1","UDP","128","40809  >  10094 Len=82"
"23","0.026049","150.5.86.113","192.0.0.1","UDP","128","26757  >  5047 Len=82"
"24","0.027233","195.4.12.9","192.0.0.1","UDP","128","37747  >  12010 Len=82"
"25","0.028417","233.132.161.53","192.0.0.1","UDP","128","61064  >  6005 Len=82"
"26","0.029601","252.196.247.171","192.0.0.1","UDP","128","63300  >  11403 Len=82"
"27","0.030785","246.100.220.228","192.0.0.1","UDP","128","64418  >  45428 Len=82"
"28","0.031969","123.50.110.114","192.0.0.1","UDP","128","32209  >  55482 Len=82"
"29","0.033153","61.153.55.57","192.0.0.1","UDP","128","39385  >  27741 Len=82"
"30","0.034337","150.202.60.173","192.0.0.1","UDP","128","60381  >  4383 Len=82"
"31","0.035521","00:00:00_00:00:00","00:00:00_00:00:00","802.11","128","Association Request, SN=0, FN=0, Flags=........, SSID=Wildcard (Broadcast)[Malformed Packet]"
"32","0.036705","233.183.123.130","192.0.0.1","UDP","128","36446  >  6111 Len=82"
"33","0.037889","116.219.189.193","192.0.0.1","UDP","128","18223  >  44254 Len=82"
"34","0.039073","178.107.121.209","192.0.0.1","UDP","128","1190  >  22127 Len=82"
"35","0.040257","209.51.27.217","192.0.0.1","UDP","128","595  >  3078 Len=82"
"36","0.041441","224.159.42.221","192.0.0.1","UDP","128","42520  >  1539 Len=82"
"37","0.042625","248.73.50.95","192.0.0.1","UDP","128","21260  >  42032 Len=82"
"38","0.043809","244.34.62.30","192.0.0.1","UDP","128","10630  >  21016 Len=82"
"39","0.044993","122.17.31.15","192.0.0.1","UDP","128","5315  >  10508 Len=82"
"40","0.046177","181.14.40.182","192.0.0.1","UDP","128","11600  >  5254 Len=82"
"41","0.047361","90.135.20.91","192.0.0.1","UDP","128","5800  >  2627 Len=82"
"42","0.048545","165.69.45.28","192.0.0.1","UDP","128","2900  >  41488 Len=82"
"43","0.049729","82.162.150.142","192.0.0.1","UDP","128","1450  >  20744 Len=82"
"44","0.050913","41.81.75.71","192.0.0.1","UDP","128","33493  >  43140 Len=82"
"45","0.052097","156.174.2.146","192.0.0.1","UDP","128","26203  >  21570 Len=82"
"46","0.053281","78.87.1.73","192.0.0.1","UDP","128","37916  >  43553 Len=82"
"47","0.054465","175.45.39.149","192.0.0.1","UDP","128","18958  >  61985 Len=82"
"48","0.055649","223.144.52.251","192.0.0.1","UDP","128","9479  >  56865 Len=82"
"49","0.056833","231.206.189.76","192.0.0.1","UDP","128","13746  >  18465 Len=82"
"50","0.058017","115.231.94.166","192.0.0.1","UDP","128","39641  >  33569 Len=82"
"51","0.059201","57.243.175.83","192.0.0.1","UDP","128","27229  >  26273 Len=82"
"52","0.060385","148.255.112.152","192.0.0.1","UDP","128","4639  >  37985 Len=82"
"53","0.061569","74.127.184.76","192.0.0.1","UDP","128","11838  >  27905 Len=82"
"54","0.062753","37.63.220.38","192.0.0.1","UDP","128","5919  >  4529 Len=82"
"55","0.063937","18.159.238.19","192.0.0.1","UDP","128","44222  >  45033 Len=82"
"56","0.065121","129.73.80.56","192.0.0.1","UDP","128","22111  >  61637 Len=82"
"57","0.066305","64.164.168.28","192.0.0.1","UDP","128","35870  >  57171 Len=82"
"58","0.067489","32.82.84.14","192.0.0.1","UDP","128","17935  >  18584 Len=82"
"59","0.068673","16.41.42.7","192.0.0.1","UDP","128","1078  >  42060 Len=82"
"60","0.069857","128.18.50.50","192.0.0.1","UDP","128","33307  >  53798 Len=82"
"61","0.071041","64.9.25.25","192.0.0.1","UDP","128","26172  >  26899 Len=82"
"62","0.072225","168.2.43.189","192.0.0.1","UDP","128","13086  >  5048 Len=82"
"63","0.073409","220.7.178.239","192.0.0.1","UDP","128","6543  >  2524 Len=82"
"64","0.074593","230.5.126.70","192.0.0.1","UDP","128","44022  >  34030 Len=82"
"65","0.075778","115.2.191.35","192.0.0.1","UDP","128","22011  >  49783 Len=82"
"66","0.076962","177.135.248.160","192.0.0.1","UDP","128","3532  >  50698 Len=82"
"67","0.078146","88.195.252.80","192.0.0.1","UDP","128","34534  >  25349 Len=82"
"68","0.079329","44.97.254.40","192.0.0.1","UDP","128","17267  >  5811 Len=82"
"69","0.080514","22.48.255.20","192.0.0.1","UDP","128","1672  >  11368 Len=82"
"70","0.081698","11.24.127.138","192.0.0.1","UDP","128","836  >  38452 Len=82"
"71","0.082882","5.140.63.197","192.0.0.1","UDP","128","33186  >  51994 Len=82"
"72","0.084066","138.192.184.211","192.0.0.1","UDP","128","49361  >  25997 Len=82"
"73","0.085250","205.102.251.88","192.0.0.1","UDP","128","51033  >  5623 Len=82"
"74","0.086434","102.179.125.172","192.0.0.1","UDP","128","50333  >  44490 Len=82"
"75","0.087618","51.89.190.214","192.0.0.1","UDP","128","50559  >  55013 Len=82"
"76","0.088802","25.172.223.107","192.0.0.1","UDP","128","17806  >  52291 Len=82"
"77","0.089986","132.208.200.132","192.0.0.1","UDP","128","41671  >  16656 Len=82"
"78","0.091170","66.104.100.66","192.0.0.1","UDP","128","30290  >  41096 Len=82"
"79","0.092354","33.52.50.33","192.0.0.1","UDP","128","47913  >  20548 Len=82"
"80","0.093538","152.156.190.33","192.0.0.1","UDP","128","64165  >  10274 Len=82"
"81","0.094722","196.72.248.33","192.0.0.1","UDP","128","55907  >  37905 Len=82"
"82","0.095906","234.34.219.33","192.0.0.1","QUAKE3","128","Game Server to Client"
"83","0.097090","253.23.202.161","192.0.0.1","UDP","128","25856  >  37293 Len=82"
"84","0.098274","246.141.66.97","192.0.0.1","UDP","128","12928  >  61415 Len=82"
"85","0.099458","243.64.6.1","192.0.0.1","UDP","128","39232  >  53442 Len=82"
"86","0.100642","241.166.164.49","192.0.0.1","UDP","128","52384  >  59489 Len=82"
"87","0.101826","240.213.245.41","192.0.0.1","UDP","128","58960  >  54017 Len=82"
"88","0.103010","240.108.93.165","192.0.0.1","UDP","128","62248  >  52913 Len=82"
"89","0.104194","240.48.137.227","192.0.0.1","UDP","128","63892  >  16489 Len=82"
"90","0.105378","240.30.227.192","192.0.0.1","UDP","128","31946  >  1797 Len=82"
"91","0.106562","120.15.113.224","192.0.0.1","UDP","128","48741  >  42163 Len=82"
"92","0.107746","60.7.184.240","192.0.0.1","UDP","128","63491  >  30056 Len=82"
"93","0.108930","30.3.220.120","192.0.0.1","UDP","128","23344  >  47796 Len=82"
"94","0.110114","15.1.238.60","192.0.0.1","UDP","128","44440  >  56666 Len=82"
"95","0.111298","7.128.247.30","192.0.0.1","UDP","128","22220  >  28333 Len=82"
"96","0.112482","3.192.123.143","192.0.0.1","UDP","128","11110  >  4199 Len=82"
"97","0.113666","137.230.154.246","192.0.0.1","UDP","128","38323  >  12034 Len=82"
"98","0.114850","68.243.77.123","192.0.0.1","UDP","128","28136  >  6017 Len=82"
"99","0.116034","170.127.1.140","192.0.0.1","UDP","128","14068  >  44273 Len=82"
"100","0.117218","85.63.128.198","192.0.0.1","UDP","128","39802  >  29001 Len=82"
"101","0.118402","42.159.192.99","192.0.0.1","UDP","128","52669  >  8085 Len=82"
"102","0.119586","157.73.71.0","192.0.0.1","UDP","128","49647  >  10491 Len=82"
"103","0.120770","78.164.163.128","192.0.0.1","UDP","128","51142  >  45900 Len=82"
"104","0.121954","39.82.81.192","192.0.0.1","UDP","128","25571  >  22950 Len=82"
"105","0.123138","19.169.40.224","192.0.0.1","UDP","128","5824  >  44243 Len=82"
"106","0.124322","9.212.148.112","192.0.0.1","UDP","128","35680  >  61784 Len=82"
"107","0.125506","4.234.74.56","192.0.0.1","UDP","128","50608  >  63660 Len=82"
"108","0.126690","2.117.37.28","192.0.0.1","UDP","128","25304  >  64598 Len=82"
"109","0.127874","1.58.146.142","192.0.0.1","UDP","128","45420  >  32299 Len=82"
"110","0.129058","0.157.73.71","192.0.0.1","UDP","128","55478  >  38948 Len=82"
"111","0.130242","136.72.3.146","192.0.0.1","UDP","128","27739  >  52242 Len=82"
"112","0.131426","68.36.1.201","192.0.0.1","UDP","128","37148  >  58889 Len=82"
"113","0.132610","170.20.167.213","192.0.0.1","UDP","128","18574  >  21557 Len=82"
"114","0.133794","221.12.244.219","192.0.0.1","UDP","128","42055  >  3371 Len=82"
"115","0.134979","230.128.221.92","192.0.0.1","UDP","128","62738  >  8612 Len=82"
"116","0.136163","115.64.110.174","192.0.0.1","UDP","128","31369  >  37074 Len=82"
"117","0.137347","57.160.55.87","192.0.0.1","UDP","128","39541  >  51305 Len=82"
"118","0.138531","148.214.188.154","192.0.0.1","UDP","128","59915  >  17157 Len=82"
"119","0.139715","74.107.94.77","192.0.0.1","UDP","128","53812  >  1715 Len=82"
"120","0.140899","173.51.8.23","192.0.0.1","UDP","128","26906  >  9320 Len=82"
"121","0.142083","222.159.35.58","192.0.0.1","UDP","128","46221  >  4660 Len=82"
"122","0.143267","111.79.145.157","192.0.0.1","UDP","128","32119  >  2330 Len=82"
"123","0.144451","191.161.111.255","192.0.0.1","UDP","128","39306  >  33933 Len=82"
"124","0.145635","215.214.16.206","192.0.0.1","UDP","128","19653  >  58743 Len=82"
"125","0.146819","107.235.8.103","192.0.0.1","UDP","128","33107  >  21898 Len=82"
"126","0.148003","189.243.35.2","192.0.0.1","UDP","128","26520  >  43717 Len=82"
"127","0.149187","94.249.145.129","192.0.0.1","UDP","128","13260  >  29267 Len=82"
"128","0.150371","167.122.111.241","192.0.0.1","UDP","128","39398  >  7704 Len=82"
"129","0.151555","219.187.144.201","192.0.0.1","UDP","128","19699  >  3852 Len=82"
"130","0.152739","229.219.111.85","192.0.0.1","UDP","128","328  >  1926 Len=82"
"131","0.153923","250.235.16.155","192.0.0.1","UDP","128","164  >  33731 Len=82"
"132","0.155107","245.115.47.124","192.0.0.1","UDP","128","32850  >  26320 Len=82"
"133","0.156291","122.185.151.190","192.0.0.1","UDP","128","16425  >  13160 Len=82"
"134","0.157475","61.92.203.223","192.0.0.1","UDP","128","34597  >  6580 Len=82"
"135","0.158659","150.168.194.222","192.0.0.1","UDP","128","58531  >  3290 Len=82"
"136","0.159843","75.84.97.111","192.0.0.1","UDP","128","21856  >  1645 Len=82"
"137","0.161027","173.172.151.134","192.0.0.1","UDP","128","43696  >  9223 Len=82"
"138","0.162211","86.214.75.195","192.0.0.1","UDP","128","21848  >  46386 Len=82"
"139","0.163395","163.109.130.208","192.0.0.1","UDP","128","10924  >  23193 Len=82"
"140","0.164579","81.182.193.104","192.0.0.1","UDP","128","5462  >  35453 Len=82"
"141","0.165763","40.219.96.180","192.0.0.1","UDP","128","35499  >  57871 Len=82"
"142","0.166947","20.109.176.90","192.0.0.1","UDP","128","57956  >  22070 Len=82"
"143","0.168131","10.54.216.45","192.0.0.1","UDP","128","28978  >  43803 Len=82"
"144","0.169315","141.29.203.39","192.0.0.1","UDP","128","47257  >  62140 Len=82"
"145","0.170499","206.136.66.162","192.0.0.1","UDP","128","31613  >  63838 Len=82"
"146","0.171683","103.68.33.81","192.0.0.1","UDP","128","39567  >  64687 Len=82"
"147","0.172867","187.164.183.153","192.0.0.1","UDP","128","60022  >  22886 Len=82"
"148","0.174051","213.212.252.253","192.0.0.1","UDP","128","62779  >  44211 Len=82"
"149","0.175235","226.236.217.79","192.0.0.1","UDP","128","56748  >  61800 Len=82"
"150","0.176419","249.112.203.150","192.0.0.1","UDP","128","28374  >  30900 Len=82"
"151","0.177603","124.184.101.203","192.0.0.1","UDP","128","14187  >  48218 Len=82"
"152","0.178787","182.90.149.212","192.0.0.1","UDP","128","48260  >  24109 Len=82"
"153","0.179971","91.45.74.234","192.0.0.1","UDP","128","24130  >  34855 Len=82"
"154","0.181155","45.150.165.117","192.0.0.1","UDP","128","12065  >  58146 Len=82"
"155","0.182339","158.205.245.139","192.0.0.1","UDP","128","12449  >  61841 Len=82"
"156","0.183523","199.96.93.244","192.0.0.1","UDP","128","48993  >  57337 Len=82"
"157","0.184707","99.176.46.250","192.0.0.1","UDP","128","63617  >  51405 Len=82"
"158","0.185891","49.216.23.125","192.0.0.1","UDP","128","56177  >  50007 Len=82"
"159","0.187075","144.234.172.143","192.0.0.1","UDP","128","19081  >  18074 Len=82"
"160","0.188259","192.115.241.118","192.0.0.1","UDP","128","33397  >  41805 Len=82"
"161","0.189443","96.57.248.187","192.0.0.1","UDP","128","58891  >  30359 Len=82"
"162","0.190627","184.26.91.108","192.0.0.1","UDP","128","21556  >  7290 Len=82"
"163","0.191811","92.13.45.182","192.0.0.1","UDP","128","43546  >  3645 Len=82"
"164","0.192995","46.6.150.219","192.0.0.1","UDP","128","54541  >  41007 Len=82"
"165","0.194179","159.5.236.92","192.0.0.1","UDP","128","52663  >  30502 Len=82"
"166","0.195364","79.130.246.46","192.0.0.1","UDP","128","49642  >  15251 Len=82"
"167","0.196548","39.193.123.23","192.0.0.1","UDP","128","24821  >  47864 Len=82"
"168","0.197732","155.230.26.186","192.0.0.1","UDP","128","38731  >  23932 Len=82"
"169","0.198916","77.243.13.93","192.0.0.1","UDP","128","60564  >  44734 Len=82"
"170","0.200100","174.255.33.159","192.0.0.1","UDP","128","30282  >  55135 Len=82"
"171","0.201284","223.121.55.254","192.0.0.1","UDP","128","15141  >  19614 Len=82"
"172","0.202468","111.188.155.255","192.0.0.1","UDP","128","15011  >  42575 Len=82"
"173","0.203652","191.216.234.206","192.0.0.1","UDP","128","47712  >  29718 Len=82"
"174","0.204836","95.236.117.103","192.0.0.1","UDP","128","56624  >  47627 Len=82"
"175","0.206020","167.240.157.130","192.0.0.1","UDP","128","61080  >  64052 Len=82"
"176","0.207204","83.248.78.193","192.0.0.1","UDP","128","30540  >  32026 Len=82"
"177","0.208388","161.250.128.81","192.0.0.1","UDP","128","15270  >  48781 Len=82"
"178","0.209572","216.251.231.25","192.0.0.1","UDP","128","7635  >  63607 Len=82"
"179","0.210756","228.123.84.189","192.0.0.1","UDP","128","43480  >  23306 Len=82"
"180","0.211940","250.59.13.111","192.0.0.1","UDP","128","54508  >  11653 Len=82"
"181","0.213124","245.27.33.134","192.0.0.1","UDP","128","60022  >  12787 Len=82"
"182","0.214308","122.141.144.195","192.0.0.1","UDP","128","30011  >  16328 Len=82"
"183","0.215492","181.64.111.80","192.0.0.1","UDP","128","40364  >  40932 Len=82"
"184","0.216676","90.160.55.168","192.0.0.1","UDP","128","20182  >  20466 Len=82"
"185","0.217860","45.80.27.212","192.0.0.1","UDP","128","42859  >  10233 Len=82"
"186","0.219044","22.168.13.234","192.0.0.1","UDP","128","29828  >  46285 Len=82"
"187","0.220228","11.84.6.245","192.0.0.1","UDP","128","14914  >  64855 Len=82"
"188","0.221412","141.172.164.75","192.0.0.1","UDP","128","7457  >  22938 Len=82"
"189","0.222596","206.208.245.20","192.0.0.1","UDP","128","43425  >  44237 Len=82"
"190","0.223780","103.104.122.138","192.0.0.1","UDP","128","62433  >  29015 Len=82"
"191","0.224964","51.180.61.69","192.0.0.1","UDP","128","57025  >  8090 Len=82"
"192","0.226148","145.220.185.147","192.0.0.1","UDP","128","51281  >  36813 Len=82"
"193","0.227332","192.232.251.248","192.0.0.1","UDP","128","49945  >  24791 Len=82"
"194","0.228516","96.116.125.252","192.0.0.1","UDP","128","50877  >  5978 Len=82"
"195","0.229700","48.58.62.254","192.0.0.1","UDP","128","50287  >  2989 Len=82"
"196","0.230884","24.29.31.127","192.0.0.1","UDP","128","50438  >  41703 Len=82"
"197","0.232068","132.8.40.142","192.0.0.1","UDP","128","25219  >  63042 Len=82"
"198","0.233252","66.4.20.71","192.0.0.1","UDP","128","5744  >  64289 Len=82"
"199","0.234436","169.4.173.18","192.0.0.1","UDP","128","2872  >  23201 Len=82"
"200","0.235620","84.130.86.137","192.0.0.1","UDP","128","34204  >  35425 Len=82"
"201","0.236804","162.71.140.117","192.0.0.1","UDP","128","17102  >  25089 Len=82"
"202","0.237988","217.37.97.11","192.0.0.1","UDP","128","8551  >  38449 Len=82"
"203","0.239172","228.148.23.180","192.0.0.1","UDP","128","14210  >  60457 Len=82"
"204","0.240356","114.74.11.218","192.0.0.1","UDP","128","39873  >  20773 Len=82"
"205","0.241540","57.37.5.237","192.0.0.1","UDP","128","27345  >  4003 Len=82"
"206","0.242724","148.148.37.199","192.0.0.1","UDP","128","4697  >  41184 Len=82"
"207","0.243908","194.76.181.210","192.0.0.1","UDP","128","11805  >  53360 Len=82"
"208","0.245092","97.38.90.233","192.0.0.1","UDP","128","45119  >  59448 Len=82"
"209","0.246276","184.149.138.69","192.0.0.1","UDP","128","32558  >  62492 Len=82"
"210","0.247460","212.76.98.19","192.0.0.1","UDP","128","16279  >  64014 Len=82"
"211","0.248644","226.32.150.56","192.0.0.1","UDP","128","14586  >  64775 Len=82"
"212","0.249828","113.16.75.28","192.0.0.1","UDP","128","7293  >  55730 Len=82"
"213","0.251012","56.136.37.142","192.0.0.1","UDP","128","10511  >  27865 Len=82"
"214","0.252196","28.68.18.199","192.0.0.1","UDP","128","46006  >  37213 Len=82"
"215","0.253380","134.36.174.82","192.0.0.1","UDP","128","23003  >  28575 Len=82"
"216","0.254565","67.18.87.41","192.0.0.1","UDP","128","35804  >  4350 Len=82"
"217","0.255749","169.143.140.165","192.0.0.1","UDP","128","17902  >  2175 Len=82"
"218","0.256933","220.193.97.99","192.0.0.1","UDP","128","8951  >  41742 Len=82"
"219","0.258117","230.102.23.128","192.0.0.1","UDP","128","13898  >  20871 Len=82"
"220","0.259301","115.51.11.192","192.0.0.1","UDP","128","39717  >  36850 Len=82"
"221","0.260485","57.153.133.224","192.0.0.1","UDP","128","27299  >  18425 Len=82"
"222","0.261669","28.204.194.240","192.0.0.1","UDP","128","37472  >  33997 Len=82"
"223","0.262853","14.102.97.120","192.0.0.1","UDP","128","51504  >  25943 Len=82"
"224","0.264037","7.51.48.188","192.0.0.1","UDP","128","58520  >  38298 Len=82"
"225","0.265221","3.153.152.94","192.0.0.1","UDP","128","62028  >  19149 Len=82"
"226","0.266405","1.204.204.47","192.0.0.1","UDP","128","63782  >  599 Len=82"
"227","0.267589","136.224.193.38","192.0.0.1","UDP","128","64659  >  42522 Len=82"
"228","0.268773","68.112.96.147","192.0.0.1","UDP","128","22904  >  54029 Len=82"
"229","0.269957","170.62.151.120","192.0.0.1","UDP","128","44220  >  52919 Len=82"
"230","0.271141","85.31.75.188","192.0.0.1","UDP","128","22110  >  16490 Len=82"
"231","0.272325","42.143.165.222","192.0.0.1","UDP","128","11055  >  8245 Len=82"
"232","0.273509","21.71.210.239","192.0.0.1","UDP","128","12966  >  46891 Len=82"
"233","0.274693","130.165.78.70","192.0.0.1","UDP","128","39251  >  31908 Len=82"
"234","0.275877","65.82.167.35","192.0.0.1","UDP","128","60312  >  48722 Len=82"
"235","0.277061","168.175.244.160","192.0.0.1","UDP","128","30156  >  57129 Len=82"
"236","0.278245","84.87.250.80","192.0.0.1","UDP","128","47846  >  18597 Len=82"
"237","0.279429","42.43.253.40","192.0.0.1","UDP","128","23923  >  33635 Len=82"
"238","0.280613","21.21.254.148","192.0.0.1","UDP","128","2440  >  26240 Len=82"
"239","0.281797","10.138.255.74","192.0.0.1","UDP","128","1220  >  13120 Len=82"
"240","0.282981","5.69.127.165","192.0.0.1","UDP","128","610  >  39328 Len=82"
"241","0.284165","138.164.24.227","192.0.0.1","UDP","128","33073  >  19664 Len=82"
"242","0.285349","205.84.171.64","192.0.0.1","UDP","128","59305  >  9832 Len=82"
"243","0.286533","102.170.85.160","192.0.0.1","UDP","128","54501  >  37684 Len=82"
"244","0.287717","51.85.42.208","192.0.0.1","UDP","128","19779  >  51610 Len=82"
"245","0.288901","25.170.149.104","192.0.0.1","UDP","128","33168  >  25805 Len=82"
"246","0.290085","12.213.74.180","192.0.0.1","UDP","128","49352  >  5463 Len=82"
"247","0.291269","6.106.165.90","192.0.0.1","UDP","128","24676  >  44442 Len=82"
"248","0.292453","3.53.82.173","192.0.0.1","UDP","128","12338  >  54989 Len=82"
"249","0.293637","137.156.14.103","192.0.0.1","UDP","128","6169  >  52311 Len=82"
"250","0.294821","204.200.160.2","192.0.0.1","UDP","128","43837  >  49434 Len=82"
"251","0.296005","102.100.80.1","192.0.0.1","UDP","128","62127  >  57485 Len=82"
"252","0.297189","187.52.143.49","192.0.0.1","UDP","128","24166  >  22391 Len=82"
"253","0.298373","213.156.224.169","192.0.0.1","UDP","128","12083  >  35978 Len=82"
"254","0.299557","226.200.215.101","192.0.0.1","UDP","128","45224  >  17989 Len=82"
"255","0.300741","249.98.204.131","192.0.0.1","UDP","128","22612  >  33811 Len=82"
"256","0.301925","244.183.193.112","192.0.0.1","UDP","128","11306  >  25912 Len=82"
"257","0.303109","122.91.224.184","192.0.0.1","UDP","128","5653  >  45724 Len=82"
"258","0.304293","61.45.240.92","192.0.0.1","UDP","128","11323  >  55630 Len=82"
"259","0.305477","30.150.248.46","192.0.0.1","UDP","128","12588  >  27815 Len=82"
"260","0.306661","15.75.124.23","192.0.0.1","UDP","128","6294  >  37218 Len=82"
"261","0.307845","143.163.25.58","192.0.0.1","UDP","128","35915  >  51377 Len=82"
"262","0.309029","71.209.140.157","192.0.0.1","UDP","128","57620  >  17257 Len=82"
"263","0.310213","171.238.97.127","192.0.0.1","UDP","128","61578  >  34437 Len=82"
"264","0.311397","221.241.151.142","192.0.0.1","UDP","128","30789  >  58483 Len=82"
"265","0.312581","110.248.203.199","192.0.0.1","UDP","128","6931  >  54536 Len=82"
"266","0.313765","191.122.194.210","192.0.0.1","UDP","128","43704  >  60036 Len=82"
"267","0.314950","95.189.97.105","192.0.0.1","UDP","128","21852  >  62786 Len=82"
"268","0.316134","167.216.23.133","192.0.0.1","UDP","128","43694  >  64161 Len=82"
"269","0.317318","219.234.172.243","192.0.0.1","UDP","128","54615  >  23137 Len=82"
"270","0.318502","229.243.241.72","192.0.0.1","UDP","128","52634  >  35329 Len=82"
"271","0.319686","114.249.248.164","192.0.0.1","UDP","128","59085  >  57905 Len=82"
"272","0.320870","57.124.252.82","192.0.0.1","UDP","128","21591  >  54825 Len=82"
"273","0.322054","28.190.126.41","192.0.0.1","UDP","128","3354  >  52261 Len=82"
"274","0.323238","134.89.152.37","192.0.0.1","UDP","128","34445  >  16675 Len=82"
"275","0.324422","203.42.107.35","192.0.0.1","UDP","128","25719  >  1952 Len=82"
"276","0.325606","237.147.146.160","192.0.0.1","UDP","128","5386  >  976 Len=82"
"277","0.326790","118.201.201.80","192.0.0.1","UDP","128","2693  >  33256 Len=82"
"278","0.327974","59.100.228.168","192.0.0.1","UDP","128","41587  >  16628 Len=82"
"279","0.329158","29.178.114.84","192.0.0.1","UDP","128","30216  >  41082 Len=82"
"280","0.330342","14.217.57.42","192.0.0.1","UDP","128","47876  >  53309 Len=82"
"281","0.331526","7.108.156.149","192.0.0.1","UDP","128","56706  >  53039 Len=82"
"282","0.332710","139.176.233.123","192.0.0.1","UDP","128","61121  >  16550 Len=82"
"283","0.333894","205.222.211.140","192.0.0.1","UDP","128","53329  >  8275 Len=82"
"284","0.335078","102.239.105.198","192.0.0.1","UDP","128","20249  >  14104 Len=82"
"285","0.336262","51.119.180.227","192.0.0.1","UDP","128","32957  >  39820 Len=82"
"286","0.337446","145.189.125.64","192.0.0.1","UDP","128","26479  >  52678 Len=82"
"287","0.338630","72.222.190.160","192.0.0.1","UDP","128","5254  >  59107 Len=82"
"288","0.339814","36.111.95.80","192.0.0.1","UDP","128","2627  >  21568 Len=82"
"289","0.340998","18.55.175.168","192.0.0.1","UDP","128","8720  >  43552 Len=82"
"290","0.342182","9.27.215.212","192.0.0.1","UDP","128","4360  >  21776 Len=82"
"291","0.343366","4.141.235.234","192.0.0.1","UDP","128","34948  >  10888 Len=82"
"292","0.344550","2.70.245.245","192.0.0.1","UDP","128","17474  >  5444 Len=82"
"293","0.345734","137.37.221.203","192.0.0.1","UDP","128","8737  >  35490 Len=82"
"294","0.346918","204.148.73.212","192.0.0.1","UDP","128","13857  >  50513 Len=82"
"295","0.348102","102.74.36.234","192.0.0.1","UDP","128","48161  >  50585 Len=82"
"296","0.349286","51.37.18.117","192.0.0.1","UDP","128","63777  >  17917 Len=82"
"297","0.350470","145.148.46.11","192.0.0.1","UDP","128","23457  >  34255 Len=82"
"298","0.351654","192.204.176.52","192.0.0.1","UDP","128","2785  >  26070 Len=82"
"299","0.352838","96.102.88.26","192.0.0.1","UDP","128","41537  >  13035 Len=82"
"300","0.354022","48.51.44.13","192.0.0.1","UDP","128","30225  >  48708 Len=82"
"301","0.355206","144.31.49.55","192.0.0.1","UDP","128","39993  >  57122 Len=82"
"302","0.356390","192.9.63.170","192.0.0.1","UDP","128","26925  >  61329 Len=82"
"303","0.357574","96.4.159.213","192.0.0.1","DMP","128","Message (Operation) [Deferred], Msg Id: 0"
"304","0.358758","184.4.232.219","192.0.0.1","UDP","128","44770  >  3917 Len=82"
"305","0.359942","212.4.211.92","192.0.0.1","UDP","128","55153  >  8343 Len=82"
"306","0.361126","106.2.105.174","192.0.0.1","UDP","128","19593  >  46970 Len=82"
"307","0.362310","53.1.52.215","192.0.0.1","UDP","128","33141  >  56253 Len=82"
"308","0.363494","146.134.61.90","192.0.0.1","UDP","128","59275  >  19183 Len=82"
"309","0.364678","73.67.30.173","192.0.0.1","UDP","128","21748  >  33350 Len=82"
"310","0.365862","172.167.40.103","192.0.0.1","UDP","128","10874  >  16675 Len=82"
"311","0.367046","222.85.51.2","192.0.0.1","UDP","128","5437  >  1952 Len=82"
"312","0.368230","111.42.153.129","192.0.0.1","UDP","128","11695  >  33744 Len=82"
"313","0.369414","191.147.235.241","192.0.0.1","UDP","128","45542  >  16872 Len=82"
"314","0.370598","215.207.82.201","192.0.0.1","UDP","128","55539  >  8436 Len=82"
"315","0.371782","227.225.14.85","192.0.0.1","UDP","128","52040  >  36986 Len=82"
"316","0.372966","249.246.32.27","192.0.0.1","UDP","128","58788  >  18493 Len=82"
"317","0.374151","244.253.183.60","192.0.0.1","UDP","128","29394  >  815 Len=82"
"318","0.375335","122.126.219.158","192.0.0.1","UDP","128","47465  >  9894 Len=82"
"319","0.376519","61.63.109.207","192.0.0.1","UDP","128","64389  >  4947 Len=82"
"320","0.377703","150.153.17.214","192.0.0.1","UDP","128","56051  >  44696 Len=82"
"321","0.378887","75.76.136.235","192.0.0.1","UDP","128","51784  >  55116 Len=82"
"322","0.380071","173.160.227.68","192.0.0.1","UDP","128","58660  >  27558 Len=82"
"323","0.381255","86.208.113.162","192.0.0.1","UDP","128","62098  >  13779 Len=82"
"324","0.382439","43.104.56.209","192.0.0.1","UDP","128","63817  >  15832 Len=82"
"325","0.383623","157.178.187.89","192.0.0.1","UDP","128","56213  >  40684 Len=82"
"326","0.384807","198.223.250.157","192.0.0.1","UDP","128","51963  >  53110 Len=82"
"327","0.385991","235.105.90.127","192.0.0.1","UDP","128","49740  >  26555 Len=82"
"328","0.387175","253.178.10.14","192.0.0.1","UDP","128","57638  >  38124 Len=82"
"329","0.388359","126.217.5.7","192.0.0.1","UDP","128","61587  >  51830 Len=82"
"330","0.389543","183.106.37.178","192.0.0.1","UDP","128","24440  >  25915 Len=82"
"331","0.390727","00:00:00_00:00:00","00:00:00_00:00:00","0x0000","128","Ethernet II"
"332","0.391911","165.220.46.93","192.0.0.1","UDP","128","6110  >  35542 Len=82"
"333","0.393095","218.232.176.31","192.0.0.1","UDP","128","3055  >  17771 Len=82"
"334","0.394279","229.114.255.62","192.0.0.1","UDP","128","41670  >  34180 Len=82"
"335","0.395463","114.185.127.159","192.0.0.1","UDP","128","53603  >  17090 Len=82"
"336","0.396647","177.90.24.254","192.0.0.1","UDP","128","53120  >  41313 Len=82"
"337","0.397831","88.173.12.127","192.0.0.1","UDP","128","59328  >  30593 Len=82"
"338","0.399015","164.80.33.14","192.0.0.1","UDP","128","29664  >  40177 Len=82"
"339","0.400199","82.40.16.135","192.0.0.1","UDP","128","14832  >  26953 Len=82"
"340","0.401383","161.18.175.114","192.0.0.1","UDP","128","7416  >  37781 Len=82"
"341","0.402567","80.137.87.185","192.0.0.1","UDP","128","36476  >  61179 Len=82"
"342","0.403751","160.66.12.237","192.0.0.1","UDP","128","18238  >  53324 Len=82"
"343","0.404935","216.39.161.71","192.0.0.1","UDP","128","41887  >  59430 Len=82"
"344","0.406119","228.21.119.146","192.0.0.1","UDP","128","63230  >  62483 Len=82"
"345","0.407303","114.10.187.201","192.0.0.1","UDP","128","31615  >  23864 Len=82"
"346","0.408487","177.3.250.213","192.0.0.1","UDP","128","6798  >  44700 Len=82"
"347","0.409671","208.135.90.91","192.0.0.1","UDP","128","36167  >  22350 Len=82"
"348","0.410855","224.69.10.28","192.0.0.1","UDP","128","57746  >  43943 Len=82"
"349","0.412039","112.34.133.14","192.0.0.1","UDP","128","61641  >  29410 Len=82"
"350","0.413223","56.17.66.135","192.0.0.1","UDP","128","57173  >  14705 Len=82"
"351","0.414407","148.14.6.114","192.0.0.1","UDP","128","18587  >  48009 Len=82"
"352","0.415591","74.7.3.57","192.0.0.1","UDP","128","33660  >  64245 Len=82"
"353","0.416775","173.5.38.173","192.0.0.1","UDP","128","16830  >  23115 Len=82"
"354","0.417959","222.132.52.103","192.0.0.1","UDP","128","8415  >  35348 Len=82"
"355","0.419143","231.68.189.2","192.0.0.1","UDP","128","14174  >  50442 Len=82"
"356","0.420327","115.162.94.129","192.0.0.1","UDP","128","39855  >  57989 Len=82"
"357","0.421511","177.215.136.113","192.0.0.1","UDP","128","27366  >  22131 Len=82"
"358","0.422695","208.237.99.9","192.0.0.1","UDP","128","13683  >  3080 Len=82"
"359","0.423879","224.112.22.181","192.0.0.1","UDP","128","15752  >  34308 Len=82"
"360","0.425063","248.62.172.107","192.0.0.1","UDP","128","40644  >  17154 Len=82"
"361","0.426247","244.25.241.4","192.0.0.1","UDP","128","53090  >  41345 Len=82"
"362","0.427431","122.12.248.130","192.0.0.1","UDP","128","59313  >  63473 Len=82"
"363","0.428615","61.6.124.65","192.0.0.1","UDP","128","21737  >  23753 Len=82"
"364","0.429799","150.133.153.17","192.0.0.1","UDP","128","36165  >  35157 Len=82"
"365","0.430983","195.68.107.185","192.0.0.1","UDP","128","24979  >  58267 Len=82"
"366","0.432167","233.164.146.237","192.0.0.1","UDP","128","6136  >  22268 Len=82"
"367","0.433351","252.212.238.71","192.0.0.1","UDP","128","3068  >  43902 Len=82"
"368","0.434536","246.108.208.18","192.0.0.1","UDP","128","34302  >  54719 Len=82"
"369","0.435720","123.54.104.9","192.0.0.1","UDP","128","17151  >  19950 Len=82"
"370","0.436904","181.157.147.53","192.0.0.1","UDP","128","34382  >  9975 Len=82"
"371","0.438088","210.200.110.171","192.0.0.1","UDP","128","17191  >  13386 Len=82"
"372","0.439272","225.98.144.100","192.0.0.1","UDP","128","1698  >  39461 Len=82"
"373","0.440456","112.177.72.50","192.0.0.1","UDP","128","849  >  59939 Len=82"
"374","0.441640","56.88.164.25","192.0.0.1","UDP","128","9881  >  21024 Len=82"
"375","0.442824","148.42.245.61","192.0.0.1","UDP","128","13437  >  10512 Len=82"
"376","0.444008","194.19.221.175","192.0.0.1","UDP","128","48399  >  38024 Len=82"
"377","0.445192","233.15.73.230","192.0.0.1","UDP","128","31158  >  19012 Len=82"
"378","0.446376","116.135.164.243","192.0.0.1","UDP","128","48347  >  9506 Len=82"
"379","0.447560","178.69.117.72","192.0.0.1","UDP","128","31068  >  37521 Len=82"
"380","0.448744","89.34.186.164","192.0.0.1","UDP","128","15534  >  28281 Len=82"
"381","0.449928","44.145.93.82","192.0.0.1","UDP","128","7767  >  36877 Len=82"
"382","0.451112","22.72.174.169","192.0.0.1","UDP","128","10266  >  61239 Len=82"
"383","0.452296","131.34.240.101","192.0.0.1","UDP","128","5133  >  20650 Len=82"
"384","0.453480","201.151.223.3","192.0.0.1","UDP","128","44343  >  10325 Len=82"
"385","0.454664","236.205.72.176","192.0.0.1","UDP","128","29098  >  45851 Len=82"
"386","0.455848","118.102.164.88","192.0.0.1","UDP","128","47317  >  65212 Len=82"
"387","0.457032","59.51.82.44","192.0.0.1","UDP","128","31579  >  32606 Len=82"
"388","0.458216","29.153.169.22","192.0.0.1","UDP","128","6812  >  16303 Len=82"
"389","0.459400","14.204.212.139","192.0.0.1","UDP","128","3406  >  47334 Len=82"
"390","0.460584","143.96.205.116","192.0.0.1","UDP","128","34471  >  56435 Len=82"
"391","0.461768","71.176.102.186","192.0.0.1","UDP","128","25698  >  18696 Len=82"
"392","0.462952","35.216.51.93","192.0.0.1","UDP","128","45617  >  9348 Len=82"
"393","0.464136","153.234.190.159","192.0.0.1","UDP","128","65065  >  4674 Len=82"
"394","0.465320","196.243.248.126","192.0.0.1","UDP","128","55333  >  2337 Len=82"
"395","0.466504","98.121.252.63","192.0.0.1","UDP","128","52003  >  9121 Len=82"
"396","0.467688","185.58.89.46","192.0.0.1","UDP","128","17056  >  14049 Len=82"
"397","0.468872","92.157.44.151","192.0.0.1","UDP","128","41296  >  15425 Len=82"
"398","0.470056","166.72.49.122","192.0.0.1","UDP","128","53416  >  47377 Len=82"
"399","0.471240","83.36.24.189","192.0.0.1","UDP","128","26708  >  31673 Len=82"
"400","0.472424","161.148.171.111","192.0.0.1","UDP","128","13354  >  39661 Len=82"
"401","0.473608","216.204.242.134","192.0.0.1","UDP","128","39445  >  59975 Len=82"
"402","0.474792","108.102.121.67","192.0.0.1","UDP","128","59963  >  21010 Len=82"
"403","0.475976","190.53.155.144","192.0.0.1","UDP","128","53804  >  43273 Len=82"
"404","0.477160","95.26.205.200","192.0.0.1","UDP","128","26902  >  62389 Len=82"
"405","0.478344","47.141.102.228","192.0.0.1","UDP","128","46219  >  57067 Len=82"
"406","0.479528","23.198.179.114","192.0.0.1","UDP","128","64884  >  18500 Len=82"
"407","0.480712","11.227.89.185","192.0.0.1","UDP","128","32442  >  9250 Len=82"
"408","0.481896","141.247.11.237","192.0.0.1","UDP","128","16221  >  37393 Len=82"
"409","0.483080","206.253.34.199","192.0.0.1","UDP","128","47263  >  60985 Len=82"
"410","0.484264","239.120.54.82","192.0.0.1","UDP","128","31614  >  20525 Len=82"
"411","0.485448","119.188.27.41","192.0.0.1","UDP","128","15807  >  3879 Len=82"
"412","0.486632","179.216.170.165","192.0.0.1","UDP","128","14830  >  41122 Len=82"
"413","0.487816","209.234.242.99","192.0.0.1","UDP","128","40183  >  20561 Len=82"
"414","0.489000","224.243.222.0","192.0.0.1","UDP","128","59722  >  36633 Len=82"
"415","0.490184","112.121.239.0","192.0.0.1","UDP","128","29861  >  57533 Len=82"
"416","0.491368","56.60.247.128","192.0.0.1","UDP","128","7523  >  22383 Len=82"
"417","0.492552","28.30.123.192","192.0.0.1","UDP","128","10624  >  35974 Len=82"
"418","0.493737","14.15.61.224","192.0.0.1","UDP","128","38080  >  17987 Len=82"
"419","0.494921","7.7.158.240","192.0.0.1","UDP","128","51808  >  33808 Len=82"
"420","0.496105","3.131.207.120","192.0.0.1","UDP","128","58672  >  16904 Len=82"
"421","0.497289","1.193.231.188","192.0.0.1","UDP","128","62104  >  41220 Len=82"
"422","0.498473","0.224.243.222","192.0.0.1","UDP","128","31052  >  53378 Len=82"
"423","0.499657","0.112.121.239","192.0.0.1","UDP","128","15526  >  59457 Len=82"
"424","0.500841","136.62.155.198","192.0.0.1","UDP","128","40531  >  21265 Len=82"
"425","0.502025","68.31.77.227","192.0.0.1","UDP","128","26648  >  3769 Len=82"
"426","0.503209","170.9.1.192","192.0.0.1","UDP","128","13324  >  8301 Len=82"
"427","0.504393","85.4.128.224","192.0.0.1","UDP","128","39430  >  46855 Len=82"
"428","0.505577","42.130.64.112","192.0.0.1","UDP","128","52483  >  64690 Len=82"
"429","0.506761","21.65.32.56","192.0.0.1","UDP","128","16816  >  65113 Len=82"
"430","0.507945","10.160.144.28","192.0.0.1","UDP","128","41176  >  22557 Len=82"
"431","0.509129","5.80.72.14","192.0.0.1","UDP","128","53356  >  2879 Len=82"
"432","0.510313","2.168.36.7","192.0.0.1","UDP","128","26678  >  41646 Len=82"
"433","0.511497","137.82.181.50","192.0.0.1","UDP","128","46107  >  53591 Len=82"
"434","0.512681","68.169.90.153","192.0.0.1","UDP","128","64828  >  53146 Len=82"
"435","0.513865","170.82.10.125","192.0.0.1","UDP","128","32414  >  26573 Len=82"
"436","0.515049","221.47.162.15","192.0.0.1","UDP","128","48975  >  38103 Len=82"
"437","0.516233","230.145.118.54","192.0.0.1","UDP","128","63638  >  60762 Len=82"
"438","0.517417","115.72.187.27","192.0.0.1","UDP","128","31819  >  30381 Len=82"
"439","0.518601","177.162.250.188","192.0.0.1","UDP","128","6420  >  7271 Len=82"
"440","0.519785","88.209.125.94","192.0.0.1","UDP","128","35978  >  10498 Len=82"
"441","0.520969","44.104.190.175","192.0.0.1","UDP","128","50757  >  5249 Len=82"
"442","0.522153","158.50.248.102","192.0.0.1","UDP","128","17427  >  44401 Len=82"
"443","0.523337","79.25.124.51","192.0.0.1","UDP","128","34104  >  29065 Len=82"
"444","0.524521","175.138.25.40","192.0.0.1","UDP","128","49820  >  8181 Len=82"
"445","0.525705","87.197.12.148","192.0.0.1","UDP","128","57678  >  43211 Len=82"
"446","0.526889","43.226.134.74","192.0.0.1","UDP","128","28839  >  62292 Len=82"
"447","0.528073","21.241.67.37","192.0.0.1","UDP","128","40802  >  63914 Len=82"
"448","0.529257","130.254.6.163","192.0.0.1","UDP","128","20401  >  31957 Len=82"
"449","0.530441","201.121.164.96","192.0.0.1","UDP","128","33001  >  39259 Len=82"
"450","0.531625","100.188.210.48","192.0.0.1","UDP","128","59205  >  27548 Len=82"
"451","0.532809","50.94.105.24","192.0.0.1","UDP","128","54419  >  13774 Len=82"
"452","0.533993","25.47.52.140","192.0.0.1","UDP","128","52600  >  6887 Len=82"
"453","0.535177","12.151.154.70","192.0.0.1","UDP","128","59068  >  43586 Len=82"
"454","0.536361","6.75.205.35","192.0.0.1","UDP","128","62302  >  54561 Len=82"
"455","0.537545","139.35.65.160","192.0.0.1","UDP","128","63919  >  19873 Len=82"
"456","0.538729","69.145.160.208","192.0.0.1","UDP","128","56294  >  481 Len=82"
"457","0.539913","34.200.208.104","192.0.0.1","UDP","128","28147  >  42945 Len=82"
"458","0.541097","17.100.104.52","192.0.0.1","UDP","128","37320  >  62673 Len=82"
"459","0.542281","8.178.52.26","192.0.0.1","UDP","128","51428  >  23897 Len=82"
"460","0.543465","4.89.26.13","192.0.0.1","UDP","128","58482  >  2461 Len=82"
"461","0.544649","138.42.42.55","192.0.0.1","UDP","128","29241  >  41983 Len=82"
"462","0.545833","205.19.178.42","192.0.0.1","UDP","128","7725  >  63182 Len=82"
"463","0.547017","102.137.217.21","192.0.0.1","UDP","128","43047  >  31591 Len=82"
"464","0.548201","187.66.75.187","192.0.0.1","UDP","128","62242  >  39554 Len=82"
"465","0.549385","213.167.130.236","192.0.0.1","UDP","128","63889  >  52545 Len=82"
"466","0.550569","106.211.193.118","192.0.0.1","UDP","128","23545  >  49553 Len=82"
"467","0.551753","53.105.224.187","192.0.0.1","UDP","128","35533  >  51193 Len=82"
"468","0.552938","146.178.87.108","192.0.0.1","UDP","128","25175  >  50381 Len=82"
"469","0.554122","73.89.43.182","192.0.0.1","UDP","128","38426  >  50519 Len=82"
"470","0.555306","36.172.149.219","192.0.0.1","UDP","128","51981  >  17818 Len=82"
"471","0.556490","154.80.237.220","192.0.0.1","UDP","128","49847  >  8909 Len=82"
"472","0.557674","77.40.118.238","192.0.0.1","UDP","128","50794  >  46679 Len=82"
"473","0.558858","38.148.59.119","192.0.0.1","UDP","128","58165  >  31770 Len=82"
"474","0.560042","155.76.186.138","192.0.0.1","UDP","128","54955  >  48653 Len=82"
"475","0.561226","77.166.93.69","192.0.0.1","UDP","128","52324  >  30775 Len=82"
"476","0.562410","174.213.137.147","192.0.0.1","UDP","128","26162  >  6954 Len=82"
"477","0.563594","223.108.99.248","192.0.0.1","UDP","128","13081  >  3477 Len=82"
"478","0.564778","111.182.49.252","192.0.0.1","UDP","128","16061  >  41467 Len=82"
"479","0.565962","55.219.24.254","192.0.0.1","UDP","128","47215  >  63436 Len=82"
"480","0.567146","27.237.140.127","192.0.0.1","UDP","128","31494  >  64486 Len=82"
"481","0.568330","133.240.97.14","192.0.0.1","UDP","128","48515  >  65011 Len=82"
"482","0.569514","66.248.48.135","192.0.0.1","UDP","128","31216  >  22984 Len=82"
"483","0.570698","169.122.191.114","192.0.0.1","UDP","128","48376  >  44260 Len=82"
"484","0.571882","84.189.95.185","192.0.0.1","UDP","128","56956  >  54898 Len=82"
"485","0.573066","162.88.8.237","192.0.0.1","UDP","128","28478  >  60217 Len=82"
"486","0.574250","217.42.163.71","192.0.0.1","UDP","128","47007  >  21165 Len=82"
"487","0.575434","228.147.246.146","192.0.0.1","UDP","128","64766  >  3687 Len=82"
"488","0.576618","114.73.251.73","192.0.0.1","UDP","128","65151  >  8194 Len=82"
"489","0.577802","177.34.90.149","192.0.0.1","UDP","128","22542  >  36865 Len=82"
"490","0.578986","208.151.138.123","192.0.0.1","UDP","128","44039  >  28465 Len=82"
"491","0.580170","224.77.98.12","192.0.0.1","UDP","128","28978  >  4265 Len=82"
"492","0.581354","112.38.177.6","192.0.0.1","UDP","128","14489  >  44901 Len=82"
"493","0.582538","56.19.88.131","192.0.0.1","UDP","128","15229  >  61571 Len=82"
"494","0.583722","148.15.11.112","192.0.0.1","UDP","128","14991  >  57200 Len=82"
"495","0.584906","74.7.133.184","192.0.0.1","UDP","128","47734  >  61368 Len=82"
"496","0.586090","37.3.194.220","192.0.0.1","UDP","128","56635  >  30684 Len=82"
"497","0.587274","18.129.225.110","192.0.0.1","UDP","128","51628  >  48110 Len=82"
"498","0.588458","9.64.240.183","192.0.0.1","UDP","128","25814  >  24055 Len=82"
"499","0.589642","140.166.223.106","192.0.0.1","UDP","128","12907  >  2506 Len=82"
"500","0.590826","70.83.111.181","192.0.0.1","UDP","128","15876  >  34021 Len=82"
"501","0.592010","171.47.16.235","192.0.0.1","UDP","128","40706  >  25923 Len=82"
"502","0.593194","221.145.47.68","192.0.0.1","UDP","128","53121  >  5520 Len=82"
"503","0.594378","110.200.151.162","192.0.0.1","UDP","128","16625  >  35528 Len=82"
"504","0.595562","55.100.75.209","192.0.0.1","UDP","128","34633  >  17764 Len=82"
"505","0.596746","147.180.130.217","192.0.0.1","UDP","128","25749  >  8882 Len=82"
"506","0.597930","193.220.230.93","192.0.0.1","UDP","128","5499  >  4441 Len=82"
"507","0.599114","232.232.212.31","192.0.0.1","UDP","128","44428  >  12189 Len=82"
"508","0.600298","252.114.205.62","192.0.0.1","UDP","128","22214  >  12543 Len=82"
"509","0.601482","126.57.102.159","192.0.0.1","UDP","128","11107  >  48974 Len=82"
"510","0.602666","183.26.20.126","192.0.0.1","UDP","128","45696  >  57255 Len=82"
"511","0.603850","91.141.10.63","192.0.0.1","UDP","128","55616  >  18658 Len=82"
"512","0.605034","165.192.34.46","192.0.0.1","UDP","128","27808  >  42097 Len=82"
"513","0.606218","82.224.17.23","192.0.0.1","UDP","128","13904  >  62729 Len=82"
"514","0.607402","161.118.175.186","192.0.0.1","UDP","128","6952  >  56757 Len=82"
"515","0.608586","80.187.87.221","192.0.0.1","UDP","128","36244  >  51691 Len=82"
"516","0.609770","160.91.12.223","192.0.0.1","UDP","128","18122  >  50116 Len=82"
"517","0.610954","216.43.33.94","192.0.0.1","UDP","128","41829  >  57826 Len=82"
"518","0.612138","108.21.144.175","192.0.0.1","UDP","128","30339  >  61681 Len=82"
"519","0.613322","190.12.111.102","192.0.0.1","UDP","128","40048  >  57161 Len=82"
"520","0.614507","95.6.55.179","192.0.0.1","UDP","128","20024  >  18581 Len=82"
"521","0.615691","167.133.188.232","192.0.0.1","UDP","128","42780  >  33659 Len=82"
"522","0.616875","83.194.222.116","192.0.0.1","UDP","128","54158  >  59020 Len=82"
"523","0.618059","41.225.111.58","192.0.0.1","UDP","128","59847  >  29510 Len=82"
"524","0.619243","20.240.183.157","192.0.0.1","UDP","128","54226  >  47523 Len=82"
"525","0.620427","130.126.252.255","192.0.0.1","UDP","128","27113  >  31712 Len=82"
"526","0.621611","201.57.217.78","192.0.0.1","UDP","128","37829  >  48624 Len=82"
"527","0.622795","100.156.236.167","192.0.0.1","UDP","128","28371  >  57080 Len=82"
"528","0.623979","186.72.209.98","192.0.0.1","UDP","128","4184  >  28540 Len=82"
"529","0.625163","93.36.104.177","192.0.0.1","UDP","128","2092  >  47038 Len=82"
"530","0.626347","166.148.147.105","192.0.0.1","UDP","128","33814  >  56287 Len=82"
"531","0.627531","219.76.238.133","192.0.0.1","UDP","128","16907  >  51934 Len=82"
"532","0.628715","229.160.208.115","192.0.0.1","UDP","128","34356  >  25967 Len=82"
"533","0.629899","250.214.207.8","192.0.0.1","UDP","128","17178  >  38278 Len=82"
"534","0.631083","125.107.103.132","192.0.0.1","UDP","128","8589  >  19139 Len=82"
"535","0.632267","62.181.179.194","192.0.0.1","UDP","128","47095  >  33360 Len=82"
"536","0.633451","31.90.217.225","192.0.0.1","UDP","128","31946  >  16680 Len=82"
"537","0.634635","135.171.203.193","192.0.0.1","UDP","128","48741  >  41108 Len=82"
"538","0.635819","203.211.66.209","192.0.0.1","UDP","128","30723  >  20554 Len=82"
"539","0.637003","237.239.6.89","192.0.0.1","UDP","128","39728  >  10277 Len=82"
"540","0.638187","254.241.36.29","192.0.0.1","UDP","128","52632  >  45859 Len=82"
"541","0.639371","247.126.53.63","192.0.0.1","UDP","128","26316  >  32416 Len=82"
"542","0.640555","243.185.189.174","192.0.0.1","UDP","128","13158  >  48976 Len=82"
"543","0.641739","121.220.222.215","192.0.0.1","UDP","128","39347  >  57256 Len=82"
"544","0.642923","180.232.200.90","192.0.0.1","UDP","128","60392  >  61396 Len=82"
"545","0.644107","90.116.100.45","192.0.0.1","UDP","128","30196  >  63466 Len=82"
"546","0.645291","165.60.149.39","192.0.0.1","UDP","128","47866  >  31733 Len=82"
"547","0.646475","218.152.237.162","192.0.0.1","UDP","128","23933  >  39627 Len=82"
"548","0.647659","109.76.118.209","192.0.0.1","UDP","128","35215  >  59988 Len=82"
"549","0.648843","190.160.156.89","192.0.0.1","UDP","128","58358  >  29994 Len=82"
"550","0.650027","215.86.233.29","192.0.0.1","UDP","128","29179  >  14997 Len=82"
"551","0.651211","227.173.211.191","192.0.0.1","UDP","128","40908  >  47739 Len=82"
"552","0.652395","249.208.78.238","192.0.0.1","UDP","128","20454  >  31244 Len=82"
"553","0.653579","124.232.39.119","192.0.0.1","UDP","128","42995  >  15622 Len=82"
"554","0.654763","182.114.180.138","192.0.0.1","UDP","128","62664  >  7811 Len=82"
"555","0.655947","91.57.90.69","192.0.0.1","UDP","128","64100  >  10352 Len=82"
"556","0.657131","165.154.10.19","192.0.0.1","UDP","128","32050  >  37944 Len=82"
"557","0.658315","218.203.162.56","192.0.0.1","UDP","128","48793  >  18972 Len=82"
"558","0.659499","109.101.209.28","192.0.0.1","UDP","128","63613  >  42254 Len=82"
"559","0.660683","54.178.232.142","192.0.0.1","UDP","128","56079  >  53895 Len=82"
"560","0.661867","27.89.116.71","192.0.0.1","UDP","128","19126  >  20082 Len=82"
"561","0.663051","133.170.29.18","192.0.0.1","UDP","128","42331  >  10041 Len=82"
"562","0.664235","66.213.14.137","192.0.0.1","UDP","128","62876  >  13485 Len=82"
"563","0.665419","169.108.32.117","192.0.0.1","UDP","128","31438  >  15719 Len=82"
"564","0.666603","220.176.183.11","192.0.0.1","UDP","128","15719  >  14722 Len=82"
"565","0.667787","230.94.252.180","192.0.0.1","UDP","128","47490  >  7361 Len=82"
"566","0.668971","115.47.126.90","192.0.0.1","UDP","128","56513  >  43345 Len=82"
"567","0.670155","57.151.191.45","192.0.0.1","UDP","128","51537  >  29593 Len=82"
"568","0.671339","148.205.120.167","192.0.0.1","UDP","128","17305  >  40701 Len=82"
"569","0.672523","194.96.27.98","192.0.0.1","UDP","128","1789  >  59471 Len=82"
"570","0.673708","97.48.13.177","192.0.0.1","UDP","128","42063  >  54038 Len=82"
"571","0.674892","184.158.161.233","192.0.0.1","UDP","128","29974  >  59787 Len=82"
"572","0.676076","212.73.247.197","192.0.0.1","UDP","128","47755  >  21492 Len=82"
"573","0.677260","226.34.92.211","192.0.0.1","UDP","128","64116  >  43514 Len=82"
"574","0.678444","249.23.137.88","192.0.0.1","UDP","128","64826  >  21757 Len=82"
"575","0.679628","124.139.196.172","192.0.0.1","UDP","128","32413  >  36175 Len=82"
"576","0.680812","62.69.226.86","192.0.0.1","UDP","128","39039  >  57750 Len=82"
"577","0.681996","31.34.241.43","192.0.0.1","UDP","128","27406  >  61643 Len=82"
"578","0.683180","135.151.223.164","192.0.0.1","UDP","128","13703  >  57172 Len=82"
"579","0.684364","67.203.239.210","192.0.0.1","UDP","128","15858  >  61354 Len=82"
"580","0.685548","33.229.247.233","192.0.0.1","UDP","128","7929  >  63445 Len=82"
"581","0.686732","152.244.92.197","192.0.0.1","UDP","128","10317  >  56539 Len=82"
"582","0.687916","196.124.137.83","192.0.0.1","UDP","128","45847  >  51548 Len=82"
"583","0.689100","234.56.227.152","192.0.0.1","UDP","128","32442  >  25774 Len=82"
"584","0.690284","117.28.113.204","192.0.0.1","UDP","128","48989  >  12887 Len=82"
"585","0.691468","58.142.56.230","192.0.0.1","UDP","128","63647  >  48666 Len=82"
"586","0.692652","29.71.28.115","192.0.0.1","UDP","128","56190  >  57101 Len=82"
"587","0.693836","134.165.41.8","192.0.0.1","UDP","128","28095  >  51383 Len=82"
"588","0.694307","EFMNetwo_43:23:20","Broadcast","ARP","64","Who has 192.168.50.1? Tell 192.168.50.247"
"589","0.695020","67.82.148.132","192.0.0.1","UDP","128","4590  >  17258 Len=82"
"590","0.696204","33.169.74.66","192.0.0.1","UDP","128","35063  >  41397 Len=82"
"591","0.697388","16.212.165.33","192.0.0.1","UDP","128","25418  >  30699 Len=82"
"592","0.698572","128.108.245.161","192.0.0.1","UDP","128","12709  >  40132 Len=82"
"593","0.699756","200.48.221.225","192.0.0.1","UDP","128","49123  >  20066 Len=82"
"594","0.700940","236.30.201.193","192.0.0.1","UDP","128","30912  >  42801 Len=82"
"595","0.702124","254.9.195.209","192.0.0.1","UDP","128","15456  >  29865 Len=82"
"596","0.703308","247.2.70.217","192.0.0.1","UDP","128","7728  >  40293 Len=82"
"597","0.704492","243.135.132.93","192.0.0.1","UDP","128","36632  >  27011 Len=82"
"598","0.705676","241.197.101.31","192.0.0.1","UDP","128","18316  >  37872 Len=82"
"599","0.706860","240.228.21.190","192.0.0.1","UDP","128","9158  >  51704 Len=82"
"600","0.708044","120.114.10.223","192.0.0.1","UDP","128","37347  >  58620 Len=82"
"601","0.709228","180.63.162.94","192.0.0.1","UDP","128","28608  >  29310 Len=82"
"602","0.710412","90.31.209.47","192.0.0.1","UDP","128","47072  >  47423 Len=82"
"603","0.711596","165.9.79.166","192.0.0.1","UDP","128","56304  >  31662 Len=82"
"604","0.712780","82.132.167.211","192.0.0.1","UDP","128","60920  >  15831 Len=82"
"605","0.713964","161.68.244.216","192.0.0.1","UDP","128","30460  >  47578 Len=82"
"606","0.715148","80.162.122.108","192.0.0.1","UDP","128","47998  >  56557 Len=82"
"607","0.716332","40.81.61.54","192.0.0.1","UDP","128","56767  >  18759 Len=82"
"608","0.717516","20.40.158.155","192.0.0.1","UDP","128","51694  >  914 Len=82"
"609","0.718700","130.18.232.124","192.0.0.1","UDP","128","58615  >  457 Len=82"
"610","0.719884","65.9.116.62","192.0.0.1","UDP","128","54602  >  10197 Len=82"
"611","0.721068","32.132.186.31","192.0.0.1","UDP","128","60069  >  46299 Len=82"
"612","0.722252","152.68.250.62","192.0.0.1","UDP","128","21091  >  64860 Len=82"
"613","0.723436","76.34.125.31","192.0.0.1","UDP","128","36352  >  65198 Len=82"
"614","0.724620","174.23.153.190","192.0.0.1","UDP","128","50944  >  65367 Len=82"
"615","0.725804","87.11.204.223","192.0.0.1","UDP","128","25472  >  55450 Len=82"
"616","0.726988","163.131.65.94","192.0.0.1","UDP","128","45504  >  27725 Len=82"
"617","0.728172","81.193.160.175","192.0.0.1","UDP","128","55520  >  37143 Len=82"
"618","0.729356","160.230.119.102","192.0.0.1","UDP","128","27760  >  28602 Len=82"
"619","0.730540","80.115.59.179","192.0.0.1","UDP","128","13880  >  47069 Len=82"
"620","0.731724","160.63.58.232","192.0.0.1","UDP","128","39708  >  31967 Len=82"
"621","0.732909","80.31.157.116","192.0.0.1","UDP","128","19854  >  39262 Len=82"
"622","0.734093","40.15.206.186","192.0.0.1","UDP","128","42695  >  19631 Len=82"
"623","0.735277","20.7.231.93","192.0.0.1","UDP","128","62546  >  33126 Len=82"
"624","0.736461","130.5.84.159","192.0.0.1","UDP","128","31273  >  49331 Len=82"
"625","0.737645","201.4.13.126","192.0.0.1","UDP","128","39461  >  18280 Len=82"
"626","0.738829","100.130.6.191","192.0.0.1","UDP","128","59939  >  9140 Len=82"
"627","0.740013","186.71.164.110","192.0.0.1","UDP","128","21024  >  37338 Len=82"
"628","0.741197","93.35.210.55","192.0.0.1","UDP","128","43280  >  18669 Len=82"
"629","0.742381","166.151.78.42","192.0.0.1","UDP","128","54408  >  839 Len=82"
"630","0.743565","83.75.167.21","192.0.0.1","UDP","128","59972  >  9874 Len=82"
"631","0.744749","161.163.116.187","192.0.0.1","UDP","128","29986  >  4937 Len=82"
"632","0.745933","216.215.29.108","192.0.0.1","UDP","128","14993  >  11925 Len=82"
"633","0.747117","108.107.142.182","192.0.0.1","UDP","128","47737  >  12411 Len=82"
"634","0.748301","54.53.199.91","192.0.0.1","UDP","128","64013  >  48908 Len=82"
"635","0.749485","147.28.68.156","192.0.0.1","UDP","128","55863  >  57222 Len=82"
"636","0.750669","73.142.34.78","192.0.0.1","UDP","128","51754  >  61379 Len=82"
"637","0.751853","36.199.17.39","192.0.0.1","UDP","128","58645  >  20688 Len=82"
"638","0.753037","154.101.47.162","192.0.0.1","UDP","128","21947  >  10344 Len=82"
"639","0.754221","77.50.151.209","192.0.0.1","UDP","128","3564  >  5172 Len=82"
"640","0.755405","174.159.236.217","192.0.0.1","UDP","128","34550  >  35354 Len=82"
"641","0.756589","223.73.81.93","192.0.0.1","UDP","128","50043  >  17677 Len=82"
"642","0.757773","231.162.15.159","192.0.0.1","UDP","128","50828  >  1463 Len=82"
"643","0.758957","251.215.160.254","192.0.0.1","UDP","128","58182  >  42474 Len=82"
"644","0.760141","125.235.208.127","192.0.0.1","UDP","128","61859  >  21237 Len=82"
"645","0.761325","182.243.79.14","192.0.0.1","UDP","128","57312  >  36427 Len=82"
"646","0.762509","91.121.167.135","192.0.0.1","UDP","128","61424  >  24596 Len=82"
"647","0.763693","165.186.116.242","192.0.0.1","UDP","128","30712  >  45066 Len=82"
"648","0.764877","82.221.58.121","192.0.0.1","UDP","128","15356  >  55301 Len=82"
"649","0.766061","161.104.58.13","192.0.0.1","UDP","128","40446  >  19251 Len=82"
"650","0.767245","216.178.186.55","192.0.0.1","UDP","128","20223  >  680 Len=82"
"651","0.768429","228.95.250.42","192.0.0.1","UDP","128","32846  >  33108 Len=82"
"652","0.769613","114.47.253.21","192.0.0.1","UDP","128","49191  >  16554 Len=82"
"653","0.770797","177.17.89.187","192.0.0.1","UDP","128","18210  >  8277 Len=82"
"654","0.771981","208.142.11.236","192.0.0.1","UDP","128","41873  >  14107 Len=82"
"655","0.773165","104.71.5.246","192.0.0.1","UDP","128","63225  >  15548 Len=82"
"656","0.774349","52.35.130.251","192.0.0.1","UDP","128","23629  >  40542 Len=82"
"657","0.775533","146.23.102.76","192.0.0.1","UDP","128","35095  >  53039 Len=82"
"658","0.776717","73.11.179.38","192.0.0.1","UDP","128","25530  >  16550 Len=82"
"659","0.777901","36.133.217.147","192.0.0.1","UDP","128","12765  >  41043 Len=82"
"660","0.779085","154.68.75.248","192.0.0.1","UDP","128","49119  >  30488 Len=82"
"661","0.780269","77.34.37.252","192.0.0.1","UDP","128","63710  >  48012 Len=82"
"662","0.781453","38.145.18.254","192.0.0.1","UDP","128","64623  >  56774 Len=82"
"663","0.782637","19.72.137.127","192.0.0.1","UDP","128","22790  >  61155 Len=82"
"664","0.783821","129.162.227.142","192.0.0.1","UDP","128","44163  >  53312 Len=82"
"665","0.785005","64.209.113.199","192.0.0.1","UDP","128","61808  >  59424 Len=82"
"666","0.786189","168.110.31.210","192.0.0.1","UDP","128","63672  >  62480 Len=82"
"667","0.787373","84.55.15.233","192.0.0.1","UDP","128","64604  >  31240 Len=82"
"668","0.788557","162.29.32.197","192.0.0.1","UDP","128","32302  >  15620 Len=82"
"669","0.789741","217.8.55.83","192.0.0.1","UDP","128","16151  >  7810 Len=82"
"670","0.790925","228.130.188.152","192.0.0.1","UDP","128","14522  >  3905 Len=82"
"671","0.792110","114.65.94.76","192.0.0.1","UDP","128","40029  >  8337 Len=82"
"672","0.793294","57.32.175.38","192.0.0.1","UDP","128","26911  >  14201 Len=82"
"673","0.794478","28.144.87.147","192.0.0.1","UDP","128","5054  >  15501 Len=82"
"674","0.795662","134.78.140.248","192.0.0.1","UDP","128","2527  >  14711 Len=82"
"675","0.796846","67.39.70.124","192.0.0.1","UDP","128","9182  >  48010 Len=82"
"676","0.798030","33.147.163.62","192.0.0.1","UDP","128","4591  >  24005 Len=82"
"677","0.799214","16.201.209.159","192.0.0.1","UDP","128","12230  >  35283 Len=82"
"678","0.800398","128.98.79.254","192.0.0.1","UDP","128","38883  >  25560 Len=82"
"679","0.801582","64.49.39.255","192.0.0.1","UDP","128","60608  >  45548 Len=82"
"680","0.802766","168.30.52.206","192.0.0.1","UDP","128","63072  >  55542 Len=82"
"681","0.803950","84.15.26.103","192.0.0.1","UDP","128","31536  >  60539 Len=82"
"682","0.805134","162.1.42.2","192.0.0.1","UDP","128","15768  >  53516 Len=82"
"683","0.806318","81.0.149.1","192.0.0.1","UDP","128","7884  >  59526 Len=82"
"684","0.807502","160.134.237.177","192.0.0.1","UDP","128","36710  >  29763 Len=82"
"685","0.808686","216.69.209.233","192.0.0.1","UDP","128","51123  >  40208 Len=82"
"686","0.809870","228.36.79.197","192.0.0.1","UDP","128","17640  >  52872 Len=82"
"687","0.811054","250.20.128.211","192.0.0.1","UDP","128","41588  >  59204 Len=82"
"688","0.812238","245.12.231.88","192.0.0.1","UDP","128","20794  >  29602 Len=82"
"689","0.813422","122.134.115.172","192.0.0.1","UDP","128","43165  >  14801 Len=82"
"690","0.814606","61.67.57.214","192.0.0.1","UDP","128","62335  >  48089 Len=82"
"691","0.815790","30.161.156.235","192.0.0.1","UDP","128","56974  >  31453 Len=82"
"692","0.816974","135.86.105.68","192.0.0.1","UDP","128","61255  >  6751 Len=82"
"693","0.818158","67.171.52.162","192.0.0.1","UDP","128","20626  >  10782 Len=82"
"694","0.819342","33.213.154.81","192.0.0.1","UDP","128","43081  >  5391 Len=82"
"695","0.820526","152.236.106.25","192.0.0.1","UDP","128","62229  >  44470 Len=82"
"696","0.821710","196.112.146.61","192.0.0.1","UDP","128","24251  >  55003 Len=82"
"697","0.822894","234.62.238.47","192.0.0.1","UDP","128","2156  >  52316 Len=82"
"698","0.824078","253.25.208.38","192.0.0.1","UDP","128","33846  >  26158 Len=82"
"699","0.825262","126.140.232.19","192.0.0.1","UDP","128","16923  >  45847 Len=82"
"700","0.826446","183.64.211.56","192.0.0.1","UDP","128","1596  >  32442 Len=82"
"701","0.827630","91.160.105.156","192.0.0.1","UDP","128","798  >  48989 Len=82"
"702","0.828814","45.208.52.206","192.0.0.1","UDP","128","33167  >  63647 Len=82"
"703","0.829998","22.232.26.103","192.0.0.1","UDP","128","59382  >  56190 Len=82"
"704","0.831182","131.114.170.2","192.0.0.1","UDP","128","29691  >  28095 Len=82"
"705","0.832366","65.185.85.1","192.0.0.1","UDP","128","40652  >  4590 Len=82"
"706","0.833550","168.218.13.177","192.0.0.1","UDP","128","20326  >  2295 Len=82"
"707","0.834734","220.107.161.233","192.0.0.1","UDP","128","42931  >  9034 Len=82"
"708","0.835918","230.51.119.197","192.0.0.1","UDP","128","62696  >  4517 Len=82"
"709","0.837102","251.31.28.211","192.0.0.1","UDP","128","31348  >  12259 Len=82"
"710","0.838286","245.137.41.88","192.0.0.1","UDP","128","48442  >  12480 Len=82"
"711","0.839470","122.196.148.172","192.0.0.1","UDP","128","24221  >  6240 Len=82"
"712","0.840654","61.98.74.86","192.0.0.1","UDP","128","34943  >  35888 Len=82"
"713","0.841838","30.177.37.43","192.0.0.1","UDP","128","25358  >  17944 Len=82"
"714","0.843022","135.94.53.164","192.0.0.1","UDP","128","45447  >  41740 Len=82"
"715","0.844206","67.175.26.210","192.0.0.1","UDP","128","32754  >  53638 Len=82"
"716","0.845390","33.215.141.105","192.0.0.1","UDP","128","16377  >  59587 Len=82"
"717","0.846574","152.237.97.133","192.0.0.1","UDP","128","47309  >  21328 Len=82"
"718","0.847758","196.112.23.243","192.0.0.1","UDP","128","31575  >  43432 Len=82"
"719","0.848942","234.62.172.200","192.0.0.1","UDP","128","39578  >  54484 Len=82"
"720","0.850126","117.31.86.100","192.0.0.1","UDP","128","52557  >  60010 Len=82"
"721","0.851310","58.143.171.50","192.0.0.1","UDP","128","16791  >  30005 Len=82"
"722","0.852494","29.71.213.153","192.0.0.1","UDP","128","2042  >  7595 Len=82"
"723","0.853679","134.165.77.253","192.0.0.1","UDP","128","33789  >  10724 Len=82"
"724","0.854863","203.84.1.207","192.0.0.1","UDP","128","59087  >  38130 Len=82"
"725","0.856047","237.172.167.214","192.0.0.1","UDP","128","54358  >  51833 Len=82"
"726","0.857231","118.214.83.235","192.0.0.1","UDP","128","59947  >  49677 Len=82"
"727","0.858415","179.109.142.196","192.0.0.1","UDP","128","21028  >  50743 Len=82"
"728","0.859599","89.182.199.98","192.0.0.1","UDP","128","10514  >  17450 Len=82"
"729","0.860783","44.219.99.177","192.0.0.1","UDP","128","38025  >  41493 Len=82"
"730","0.861967","158.107.22.233","192.0.0.1","UDP","128","60789  >  63035 Len=82"
"731","0.863151","199.51.44.69","192.0.0.1","UDP","128","53643  >  23596 Len=82"
"732","0.864335","235.159.49.19","192.0.0.1","UDP","128","20468  >  44566 Len=82"
"733","0.865519","253.201.63.184","192.0.0.1","UDP","128","10234  >  55051 Len=82"
"734","0.866703","126.228.159.220","192.0.0.1","UDP","128","5117  >  52404 Len=82"
"735","0.867887","63.114.79.238","192.0.0.1","UDP","128","44751  >  58970 Len=82"
"736","0.869071","31.185.39.247","192.0.0.1","UDP","128","28758  >  62253 Len=82"
"737","0.870255","135.218.52.202","192.0.0.1","UDP","128","47147  >  24231 Len=82"
"738","0.871439","67.237.26.101","192.0.0.1","UDP","128","31524  >  34914 Len=82"
"739","0.872623","169.240.42.3","192.0.0.1","UDP","128","15762  >  50225 Len=82"
"740","0.873807","220.254.178.48","192.0.0.1","UDP","128","7881  >  17705 Len=82"
"741","0.874991","110.127.89.24","192.0.0.1","UDP","128","43093  >  1445 Len=82"
"742","0.876175","55.63.172.140","192.0.0.1","UDP","128","29467  >  9699 Len=82"
"743","0.877359","27.159.214.70","192.0.0.1","UDP","128","7868  >  46528 Len=82"
"744","0.878543","13.207.235.35","192.0.0.1","UDP","128","36702  >  56032 Len=82"
"745","0.879727","142.225.82.160","192.0.0.1","UDP","128","18351  >  28016 Len=82"
"746","0.880911","71.112.169.80","192.0.0.1","UDP","128","34022  >  46776 Len=82"
"747","0.882095","35.184.84.168","192.0.0.1","UDP","128","17011  >  56156 Len=82"
"748","0.883279","17.220.42.84","192.0.0.1","UDP","128","1544  >  28078 Len=82"
"749","0.884463","8.238.21.42","192.0.0.1","UDP","128","33540  >  46807 Len=82"
"750","0.885647","4.119.10.149","192.0.0.1","UDP","128","16770  >  64602 Len=82"
"751","0.886831","138.61.34.123","192.0.0.1","UDP","128","8385  >  32301 Len=82"
"752","0.888015","205.24.54.12","192.0.0.1","UDP","128","14161  >  38951 Len=82"
"753","0.889199","102.140.27.6","192.0.0.1","UDP","128","15513  >  27426 Len=82"
"754","0.890383","51.70.13.131","192.0.0.1","UDP","128","14717  >  46481 Len=82"
"755","0.891567","145.165.161.240","192.0.0.1","UDP","128","15247  >  32249 Len=82"
"756","0.892751","72.210.208.248","192.0.0.1","UDP","128","47862  >  39373 Len=82"
"757","0.893935","36.105.104.124","192.0.0.1","UDP","128","56699  >  60375 Len=82"
"758","0.895119","18.52.180.62","192.0.0.1","UDP","128","51596  >  21210 Len=82"
"759","0.896303","9.26.90.31","192.0.0.1","UDP","128","25798  >  43373 Len=82"
"760","0.897487","140.139.138.62","192.0.0.1","UDP","128","12899  >  62343 Len=82"
"761","0.898671","70.69.197.31","192.0.0.1","UDP","128","15872  >  24306 Len=82"
"762","0.899855","171.36.69.190","192.0.0.1","UDP","128","40704  >  12153 Len=82"
"763","0.901039","85.146.34.223","192.0.0.1","UDP","128","53120  >  45197 Len=82"
"764","0.902223","162.207.182.94","192.0.0.1","UDP","128","59328  >  65399 Len=82"
"765","0.903407","81.103.219.47","192.0.0.1","UDP","128","62432  >  55434 Len=82"
"766","0.904591","160.181.74.166","192.0.0.1","UDP","128","63984  >  60485 Len=82"
"767","0.905775","80.90.165.83","192.0.0.1","UDP","128","64760  >  20755 Len=82"
"768","0.906959","160.43.245.152","192.0.0.1","UDP","128","32380  >  4024 Len=82"
"769","0.908143","80.21.250.204","192.0.0.1","UDP","128","48958  >  34780 Len=82"
"770","0.909327","40.10.253.102","192.0.0.1","UDP","128","24479  >  50158 Len=82"
"771","0.910511","20.5.126.179","192.0.0.1","UDP","128","2302  >  25079 Len=82"
"772","0.911695","130.4.24.104","192.0.0.1","UDP","128","33919  >  38858 Len=82"
"773","0.912880","65.2.12.52","192.0.0.1","UDP","128","58638  >  19429 Len=82"
"774","0.914064","32.129.6.26","192.0.0.1","UDP","128","29319  >  33475 Len=82"
"775","0.915248","16.64.131.13","192.0.0.1","UDP","128","7794  >  58960 Len=82"
"776","0.916432","128.38.230.183","192.0.0.1","UDP","128","36665  >  62248 Len=82"
"777","0.917616","200.21.212.106","192.0.0.1","UDP","128","57517  >  31124 Len=82"
"778","0.918800","100.10.234.53","192.0.0.1","UDP","128","22375  >  48330 Len=82"
"779","0.919984","186.3.210.43","192.0.0.1","UDP","128","3202  >  24165 Len=82"
"780","0.921168","213.7.78.36","192.0.0.1","UDP","128","1601  >  34819 Len=82"
"781","0.922352","106.131.167.18","192.0.0.1","UDP","128","42001  >  25392 Len=82"
"782","0.923536","53.65.211.137","192.0.0.1","UDP","128","30009  >  45464 Len=82"
"783","0.924720","146.166.78.245","192.0.0.1","UDP","128","40365  >  55500 Len=82"
"784","0.925904","193.85.128.75","192.0.0.1","UDP","128","59879  >  60518 Len=82"
"785","0.927088","232.172.103.20","192.0.0.1","UDP","128","21442  >  30259 Len=82"
"786","0.928272","116.86.51.138","192.0.0.1","UDP","128","10721  >  7208 Len=82"
"787","0.929456","58.43.25.197","192.0.0.1","UDP","128","46017  >  36372 Len=82"
"788","0.930640","149.19.43.211","192.0.0.1","UDP","128","32465  >  18186 Len=82"
"789","0.931824","194.143.50.216","192.0.0.1","UDP","128","6233  >  41861 Len=82"
"790","0.933008","97.71.153.108","192.0.0.1","UDP","128","11037  >  30451 Len=82"
"791","0.934192","48.163.204.182","192.0.0.1","UDP","128","45759  >  7240 Len=82"
"792","0.935376","24.81.230.91","192.0.0.1","UDP","128","65134  >  3620 Len=82"
"793","0.936560","132.46.84.28","192.0.0.1","UDP","128","32567  >  34578 Len=82"
"794","0.937744","66.23.42.14","192.0.0.1","UDP","128","39082  >  50057 Len=82"
"795","0.938928","33.11.149.7","192.0.0.1","UDP","128","52309  >  50933 Len=82"
"796","0.940112","152.131.109.178","192.0.0.1","UDP","128","49435  >  17483 Len=82"
"797","0.941296","76.65.182.217","192.0.0.1","UDP","128","18364  >  34068 Len=82"
"798","0.942480","174.38.124.93","192.0.0.1","UDP","128","9182  >  49802 Len=82"
"799","0.943664","223.21.153.31","192.0.0.1","UDP","128","4591  >  24901 Len=82"
"800","0.944848","231.140.107.190","192.0.0.1","UDP","128","12230  >  6035 Len=82"
"801","0.946032","115.198.53.223","192.0.0.1","UDP","128","6115  >  44280 Len=82"
"802","0.947216","177.229.189.222","192.0.0.1","UDP","128","44224  >  54908 Len=82"
"803","0.948400","88.242.222.239","192.0.0.1","UDP","128","54880  >  60222 Len=82"
"804","0.949584","164.127.200.70","192.0.0.1","UDP","128","60208  >  62879 Len=82"
"805","0.950768","82.63.228.35","192.0.0.1","UDP","128","30104  >  56830 Len=82"
"806","0.951952","161.25.85.32","192.0.0.1","UDP","128","15052  >  61183 Len=82"
"807","0.953136","80.140.170.144","192.0.0.1","UDP","128","40294  >  20558 Len=82"
"808","0.954320","40.70.85.72","192.0.0.1","UDP","128","20147  >  10279 Len=82"
"809","0.955504","20.35.42.164","192.0.0.1","UDP","128","104  >  45858 Len=82"
"810","0.956688","10.17.149.82","192.0.0.1","UDP","128","32820  >  55697 Len=82"
"811","0.957872","5.8.202.169","192.0.0.1","UDP","128","49178  >  52217 Len=82"
"812","0.959056","138.130.194.101","192.0.0.1","UDP","128","57357  >  17101 Len=82"
"813","0.960240","205.71.198.3","192.0.0.1","UDP","128","22327  >  1623 Len=82"
"814","0.961424","238.165.68.48","192.0.0.1","UDP","128","3242  >  42010 Len=82"
"815","0.962608","119.82.162.24","192.0.0.1","UDP","128","34389  >  21005 Len=82"
"816","0.963792","59.169.81.12","192.0.0.1","UDP","128","25627  >  3639 Len=82"
"817","0.964976","29.212.168.134","192.0.0.1","MIPv6","128","Binding Refresh Request"
"818","0.966160","14.234.84.67","192.0.0.1","UDP","128","2718  >  36885 Len=82"
"819","0.967344","143.115.141.16","192.0.0.1","UDP","128","1359  >  28475 Len=82"
"820","0.968528","71.185.198.136","192.0.0.1","UDP","128","9622  >  4268 Len=82"
"821","0.969712","35.220.227.68","192.0.0.1","UDP","128","37579  >  34902 Len=82"
"822","0.970896","17.238.113.162","192.0.0.1","UDP","128","28244  >  17451 Len=82"
"823","0.972081","8.247.56.209","192.0.0.1","UDP","128","46890  >  1316 Len=82"
"824","0.973265","140.125.59.89","192.0.0.1","UDP","128","56213  >  33426 Len=82"
"825","0.974449","206.56.58.157","192.0.0.1","UDP","128","19195  >  49481 Len=82"
"826","0.975633","239.26.186.127","192.0.0.1","UDP","128","588  >  51093 Len=82"
"827","0.976817","255.139.250.14","192.0.0.1","UDP","128","33062  >  17659 Len=82"
"828","0.978001","127.197.253.7","192.0.0.1","UDP","128","49299  >  1356 Len=82"
"829","0.979185","183.228.89.178","192.0.0.1","UDP","128","18296  >  678 Len=82"
"830","0.980369","91.242.44.217","192.0.0.1","UDP","128","41916  >  33107 Len=82"
"831","0.981553","165.255.177.93","192.0.0.1","UDP","128","53726  >  59288 Len=82"
"832","0.982737","218.249.127.159","192.0.0.1","UDP","128","59631  >  29644 Len=82"
"833","0.983921","229.122.24.254","192.0.0.1","UDP","128","21318  >  14822 Len=82"
"834","0.985105","114.189.12.127","192.0.0.1","UDP","128","43427  >  40179 Len=82"
"835","0.986289","177.88.33.14","192.0.0.1","UDP","128","29664  >  59720 Len=82"
"836","0.987473","88.172.16.135","192.0.0.1","UDP","128","14832  >  62628 Len=82"
"837","0.988657","164.80.175.114","192.0.0.1","UDP","128","7416  >  64082 Len=82"
"838","0.989841","82.40.87.185","192.0.0.1","UDP","128","36476  >  32041 Len=82"
"839","0.991025","161.18.140.237","192.0.0.1","UDP","128","18238  >  39333 Len=82"
"840","0.992209","216.143.225.71","192.0.0.1","UDP","128","9119  >  27619 Len=82"
"841","0.993393","228.65.87.146","192.0.0.1","UDP","128","46846  >  4800 Len=82"
"842","0.994577","114.32.171.201","192.0.0.1","UDP","128","56191  >  35168 Len=82"
"843","0.995761","177.22.242.213","192.0.0.1","UDP","128","19086  >  17584 Len=82"
"844","0.996945","208.141.222.91","192.0.0.1","UDP","128","42311  >  8792 Len=82"
"845","0.998129","224.64.72.28","192.0.0.1","UDP","128","30098  >  4396 Len=82"
"846","0.999313","112.32.36.14","192.0.0.1","UDP","128","47817  >  2198 Len=82"
"847","1.000497","56.16.18.7","192.0.0.1","UDP","128","64085  >  1099 Len=82"
"848","1.001681","148.14.174.50","192.0.0.1","UDP","128","23067  >  42260 Len=82"
"849","1.002865","74.7.87.25","192.0.0.1","UDP","128","35388  >  21130 Len=82"
"850","1.004049","173.5.12.189","192.0.0.1","UDP","128","17694  >  43333 Len=82"
"851","1.005233","222.132.33.111","192.0.0.1","UDP","128","41615  >  29587 Len=82"
"852","1.006417","231.68.183.134","192.0.0.1","UDP","128","30326  >  7928 Len=82"
"853","1.007601","115.162.91.195","192.0.0.1","UDP","128","47931  >  3964 Len=82"
"854","1.008785","177.215.138.208","192.0.0.1","UDP","128","31404  >  1982 Len=82"
"855","1.009969","88.235.197.104","192.0.0.1","UDP","128","15702  >  991 Len=82"
"856","1.011153","44.117.226.180","192.0.0.1","UDP","128","40619  >  9950 Len=82"
"857","1.012337","22.58.241.90","192.0.0.1","UDP","128","26724  >  37743 Len=82"
"858","1.013521","11.29.120.173","192.0.0.1","UDP","128","13362  >  28294 Len=82"
"859","1.014705","141.136.27.103","192.0.0.1","UDP","128","39449  >  46915 Len=82"
"860","1.015889","206.194.170.130","192.0.0.1","UDP","128","59965  >  64656 Len=82"
"861","1.017073","103.97.85.65","192.0.0.1","UDP","128","53807  >  65096 Len=82"
"862","1.018257","187.182.13.145","192.0.0.1","UDP","128","20006  >  65316 Len=82"
"863","1.019441","213.221.161.249","192.0.0.1","UDP","128","42771  >  32658 Len=82"
"864","1.020625","226.232.119.205","192.0.0.1","UDP","128","62648  >  16329 Len=82"
"865","1.021809","249.114.156.215","192.0.0.1","UDP","128","31324  >  47317 Len=82"
"866","1.022993","244.191.233.90","192.0.0.1","UDP","128","15662  >  64347 Len=82"
"867","1.024177","122.95.244.173","192.0.0.1","UDP","128","40599  >  55964 Len=82"
"868","1.025361","181.41.93.103","192.0.0.1","UDP","128","26746  >  27982 Len=82"
"869","1.026545","210.146.9.130","192.0.0.1","UDP","128","46141  >  13991 Len=82"
"870","1.027729","105.73.4.193","192.0.0.1","UDP","128","64815  >  48226 Len=82"
"871","1.028913","188.162.37.81","192.0.0.1","UDP","128","22950  >  24113 Len=82"
"872","1.030097","214.87.181.153","192.0.0.1","UDP","128","11475  >  2089 Len=82"
"873","1.031282","227.45.125.253","192.0.0.1","UDP","128","45400  >  8997 Len=82"
"874","1.032465","249.144.25.207","192.0.0.1","UDP","128","22700  >  46755 Len=82"
"875","1.033650","244.206.171.214","192.0.0.1","UDP","128","44118  >  64608 Len=82"
"876","1.034834","122.103.85.235","192.0.0.1","UDP","128","54827  >  65072 Len=82"
"877","1.036018","181.53.13.196","192.0.0.1","UDP","128","19492  >  65304 Len=82"
"878","1.037202","90.154.134.226","192.0.0.1","UDP","128","42514  >  32652 Len=82"
"879","1.038386","45.77.67.113","192.0.0.1","UDP","128","54025  >  49094 Len=82"
"880","1.039570","158.160.6.137","192.0.0.1","UDP","128","20149  >  24547 Len=82"
"881","1.040754","199.86.164.117","192.0.0.1","UDP","128","32875  >  2240 Len=82"
"882","1.041938","235.173.245.11","192.0.0.1","UDP","128","59140  >  1120 Len=82"
"883","1.043122","253.208.93.180","192.0.0.1","UDP","128","62338  >  560 Len=82"
"884","1.044306","126.232.46.218","192.0.0.1","UDP","128","63937  >  280 Len=82"
"885","1.045490","63.116.23.109","192.0.0.1","UDP","128","56273  >  32908 Len=82"
"886","1.046674","151.188.172.135","192.0.0.1","UDP","128","19161  >  16454 Len=82"
"887","1.047858","195.216.241.114","192.0.0.1","UDP","128","33373  >  40995 Len=82"
"888","1.049042","97.236.120.185","192.0.0.1","UDP","128","58911  >  30496 Len=82"
"889","1.050226","184.240.155.109","192.0.0.1","UDP","128","54334  >  48016 Len=82"
"890","1.051410","212.126.234.135","192.0.0.1","UDP","128","27167  >  24008 Len=82"
"891","1.052594","226.57.210.114","192.0.0.1","LLC","128","I, N(R)=0, N(S)=0; DSAP NULL LSAP Individual, SSAP NULL LSAP Command"
"892","1.053778","113.28.233.57","192.0.0.1","UDP","128","18719  >  6002 Len=82"
"893","1.054962","176.136.211.173","192.0.0.1","UDP","128","958  >  35769 Len=82"
"894","1.056146","208.66.206.231","192.0.0.1","UDP","128","479  >  58093 Len=82"
"895","1.057330","224.39.192.66","192.0.0.1","UDP","128","10206  >  54855 Len=82"
"896","1.058514","112.19.224.33","192.0.0.1","UDP","128","5103  >  19474 Len=82"
"897","1.059698","176.15.87.33","192.0.0.1","UDP","128","11974  >  42505 Len=82"
"898","1.060882","208.1.12.161","192.0.0.1","UDP","128","38755  >  62517 Len=82"
"899","1.062066","224.6.33.97","192.0.0.1","UDP","128","60544  >  23851 Len=82"
"900","1.063250","248.5.183.129","192.0.0.1","UDP","128","30272  >  35236 Len=82"
"901","1.064434","244.4.124.241","192.0.0.1","UDP","128","47904  >  17618 Len=82"
"902","1.065618","242.4.153.73","192.0.0.1","UDP","128","23952  >  8809 Len=82"
"903","1.066802","241.4.235.149","192.0.0.1","UDP","128","11976  >  13829 Len=82"
"904","1.067986","240.132.210.251","192.0.0.1","UDP","128","38756  >  15411 Len=82"
"905","1.069170","240.68.206.76","192.0.0.1","UDP","128","19378  >  14632 Len=82"
"906","1.070354","120.34.103.38","192.0.0.1","UDP","128","9689  >  40084 Len=82"
"907","1.071538","60.17.51.147","192.0.0.1","UDP","128","46557  >  52810 Len=82"
"908","1.072722","150.14.62.248","192.0.0.1","UDP","128","64991  >  26405 Len=82"
"909","1.073906","75.7.31.124","192.0.0.1","UDP","128","23006  >  38051 Len=82"
"910","1.075090","37.131.143.190","192.0.0.1","UDP","128","11503  >  60768 Len=82"
"911","1.076274","18.193.199.223","192.0.0.1","UDP","128","45382  >  63152 Len=82"
"912","1.077458","129.102.68.222","192.0.0.1","UDP","128","55459  >  31576 Len=82"
"913","1.078642","64.179.34.111","192.0.0.1","UDP","128","52064  >  48556 Len=82"
"914","1.079826","168.95.54.6","192.0.0.1","UDP","128","58800  >  57046 Len=82"
"915","1.081010","84.47.155.3","192.0.0.1","UDP","128","29400  >  28523 Len=82"
"916","1.082194","162.17.106.176","192.0.0.1","UDP","128","47468  >  36996 Len=82"
"917","1.083378","81.8.181.88","192.0.0.1","UDP","128","23734  >  51266 Len=82"
"918","1.084562","40.132.90.172","192.0.0.1","UDP","128","11867  >  58401 Len=82"
"919","1.085746","20.66.45.86","192.0.0.1","UDP","128","12316  >  54561 Len=82"
"920","1.086930","10.33.22.171","192.0.0.1","UDP","128","38926  >  19873 Len=82"
"921","1.088114","141.22.44.100","192.0.0.1","UDP","128","19463  >  481 Len=82"
"922","1.089298","70.139.22.50","192.0.0.1","UDP","128","306  >  10177 Len=82"
"923","1.090483","35.69.139.25","192.0.0.1","UDP","128","153  >  46289 Len=82"
"924","1.091666","153.164.98.189","192.0.0.1","UDP","128","42877  >  64857 Len=82"
"925","1.092851","196.212.150.111","192.0.0.1","UDP","128","29839  >  22941 Len=82"
"926","1.094035","234.108.236.6","192.0.0.1","UDP","128","7542  >  3071 Len=82"
"927","1.095219","117.54.118.3","192.0.0.1","UDP","128","36539  >  41678 Len=82"
"928","1.096403","178.157.156.48","192.0.0.1","UDP","128","57452  >  53607 Len=82"
"929","1.097587","89.78.206.24","192.0.0.1","UDP","128","28726  >  53122 Len=82"
"930","1.098771","44.167.103.12","192.0.0.1","UDP","128","47131  >  59329 Len=82"
"931","1.099955","22.83.179.134","192.0.0.1","UDP","128","64316  >  54481 Len=82"
"932","1.101139","11.41.217.195","192.0.0.1","UDP","128","32158  >  19801 Len=82"
"933","1.102323","141.146.75.208","192.0.0.1","UDP","128","48847  >  33181 Len=82"
"934","1.103507","70.201.37.232","192.0.0.1","UDP","128","63574  >  26623 Len=82"
"935","1.104691","35.100.146.244","192.0.0.1","UDP","128","64555  >  38094 Len=82"
"936","1.105875","17.178.73.122","192.0.0.1","UDP","128","55588  >  19047 Len=82"
"937","1.107059","8.217.36.189","192.0.0.1","UDP","128","27794  >  33282 Len=82"
"938","1.108243","140.106.53.111","192.0.0.1","UDP","128","46665  >  49409 Len=82"
"939","1.109427","206.51.189.134","192.0.0.1","UDP","128","31765  >  18353 Len=82"
"940","1.110611","103.25.222.195","192.0.0.1","UDP","128","39227  >  34025 Len=82"
"941","1.111795","187.138.72.80","192.0.0.1","UDP","128","60332  >  25925 Len=82"
"942","1.112979","93.197.36.40","192.0.0.1","UDP","128","62934  >  5523 Len=82"
"943","1.114163","46.226.146.20","192.0.0.1","UDP","128","64235  >  44536 Len=82"
"944","1.115347","23.113.73.10","192.0.0.1","UDP","128","55876  >  55036 Len=82"
"945","1.116531","11.184.164.133","192.0.0.1","UDP","128","27938  >  27518 Len=82"
"946","1.117715","141.218.245.115","192.0.0.1","UDP","128","13969  >  13759 Len=82"
"947","1.118899","206.235.221.136","192.0.0.1","UDP","128","48249  >  48622 Len=82"
"948","1.120083","103.117.238.196","192.0.0.1","UDP","128","30989  >  57079 Len=82"
"949","1.121267","51.186.247.98","192.0.0.1","UDP","128","7095  >  18506 Len=82"
"950","1.122451","25.221.123.177","192.0.0.1","UDP","128","10986  >  9253 Len=82"
"951","1.123635","132.232.26.233","192.0.0.1","UDP","128","38261  >  13603 Len=82"
"952","1.124819","202.114.170.69","192.0.0.1","UDP","128","60811  >  48544 Len=82"
"953","1.126003","237.63.242.19","192.0.0.1","UDP","128","53748  >  57040 Len=82"
"954","1.127187","254.153.94.56","192.0.0.1","UDP","128","59642  >  61288 Len=82"
"955","1.128371","127.76.175.28","192.0.0.1","UDP","128","62589  >  63412 Len=82"
"956","1.129555","63.166.87.142","192.0.0.1","UDP","128","23823  >  64474 Len=82"
"957","1.130739","31.211.43.199","192.0.0.1","UDP","128","2486  >  65005 Len=82"
"958","1.131923","135.239.50.210","192.0.0.1","UDP","128","34011  >  22983 Len=82"
"959","1.133107","67.247.153.105","192.0.0.1","UDP","128","25948  >  35794 Len=82"
"960","1.134291","169.253.107.133","192.0.0.1","UDP","128","45742  >  50665 Len=82"
"961","1.135475","220.248.18.243","192.0.0.1","UDP","128","22871  >  17861 Len=82"
"962","1.136659","230.122.174.72","192.0.0.1","UDP","128","35738  >  1491 Len=82"
"963","1.137843","115.61.87.36","192.0.0.1","UDP","128","50637  >  9688 Len=82"
"964","1.139027","57.158.171.146","192.0.0.1","UDP","128","17879  >  37612 Len=82"
"965","1.140211","28.207.85.201","192.0.0.1","UDP","128","1498  >  51574 Len=82"
"966","1.141395","134.97.13.213","192.0.0.1","UDP","128","749  >  58555 Len=82"
"967","1.142579","203.54.33.219","192.0.0.1","UDP","128","42567  >  21868 Len=82"
"968","1.143763","237.157.183.220","192.0.0.1","UDP","128","29714  >  43702 Len=82"
"969","1.144947","118.206.219.238","192.0.0.1","UDP","128","47625  >  54619 Len=82"
"970","1.146131","59.103.109.247","192.0.0.1","UDP","128","64053  >  52636 Len=82"
"971","1.147315","149.181.17.202","192.0.0.1","UDP","128","55851  >  59086 Len=82"
"972","1.148499","74.218.136.229","192.0.0.1","UDP","128","51748  >  62311 Len=82"
"973","1.149683","173.107.227.67","192.0.0.1","UDP","128","58642  >  56962 Len=82"
"974","1.150867","222.179.86.144","192.0.0.1","UDP","128","62089  >  28481 Len=82"
"975","1.152052","111.89.171.72","192.0.0.1","UDP","128","56949  >  4241 Len=82"
"976","1.153236","55.172.213.164","192.0.0.1","UDP","128","18443  >  12153 Len=82"
"977","1.154420","27.214.106.210","192.0.0.1","UDP","128","33588  >  45197 Len=82"
"978","1.155604","13.235.53.105","192.0.0.1","UDP","128","49562  >  32631 Len=82"
"979","1.156788","142.243.61.133","192.0.0.1","UDP","128","57549  >  39050 Len=82"
"980","1.157972","207.127.57.243","192.0.0.1","UDP","128","22359  >  19525 Len=82"
"981","1.159156","239.185.59.200","192.0.0.1","UDP","128","3226  >  33043 Len=82"
"982","1.160340","119.220.157.228","192.0.0.1","UDP","128","1613  >  59320 Len=82"
"983","1.161524","59.238.78.242","192.0.0.1","UDP","128","42007  >  29660 Len=82"
"984","1.162708","29.247.39.121","192.0.0.1","UDP","128","30010  >  14830 Len=82"
"985","1.163892","134.253.52.141","192.0.0.1","UDP","128","47773  >  7415 Len=82"
"986","1.165076","203.120.61.119","192.0.0.1","UDP","128","31359  >  10570 Len=82"
"987","1.166260","237.186.185.138","192.0.0.1","UDP","128","6670  >  38053 Len=82"
"988","1.167444","118.221.92.197","192.0.0.1","UDP","128","36103  >  60771 Len=82"
"989","1.168628","179.104.9.83","192.0.0.1","UDP","128","25010  >  20864 Len=82"
"990","1.169812","209.178.163.152","192.0.0.1","UDP","128","45273  >  10432 Len=82"
"991","1.170996","104.217.81.204","192.0.0.1","UDP","128","65373  >  5216 Len=82"
"992","1.172180","52.108.168.230","192.0.0.1","UDP","128","22687  >  2608 Len=82"
"993","1.173364","26.54.84.115","192.0.0.1","UDP","128","2942  >  1304 Len=82"
"994","1.174548","133.29.141.8","192.0.0.1","UDP","128","1471  >  652 Len=82"
"995","1.175732","66.142.198.132","192.0.0.1","UDP","128","9710  >  33094 Len=82"
"996","1.176916","33.71.99.66","192.0.0.1","UDP","128","37623  >  16547 Len=82"
"997","1.178100","16.163.177.161","192.0.0.1","UDP","128","61002  >  1888 Len=82"
"998","1.179284","128.87.127.225","192.0.0.1","UDP","128","30501  >  944 Len=82"
"999","1.180468","200.45.24.193","192.0.0.1","UDP","128","7331  >  33240 Len=82"
"1000","1.181652","236.16.43.81","192.0.0.1","UDP","128","43360  >  16620 Len=82"
